rainfall,water_level,flow_rate,temperature,humidity,wind_speed,flood
127.9,0.58,47.5,20.6,81.6,33.8,0
17.4,1.77,23.0,20.5,65.4,1.3,0
130.0,2.13,42.0,29.7,86.7,0.3,0
139.6,1.52,35.5,38.9,53.6,4.6,0
169.5,2.31,100.7,33.2,67.5,48.7,1
110.4,2.99,81.9,36.5,70.4,35.2,1
45.6,1.37,28.0,20.8,37.1,13.9,0
73.0,1.61,41.0,21.7,95.6,32.4,0
34.2,2.69,36.3,24.5,99.3,32.0,0
136.9,3.03,97.6,20.7,32.2,15.8,1
42.2,3.33,107.6,22.9,75.9,19.8,1
91.8,1.29,44.7,29.0,48.4,29.2,0
79.9,1.16,119.8,27.7,36.4,2.4,0
125.5,2.88,62.2,16.6,56.7,49.8,1
194.2,3.08,21.1,33.0,77.7,26.8,1
128.2,0.83,63.5,26.3,96.8,43.8,0
100.1,1.04,111.3,36.8,50.9,31.9,0
30.6,2.79,73.9,34.5,67.1,0.0,0
3.9,3.29,107.9,35.8,51.5,2.9,0
189.4,0.76,68.6,16.7,83.2,38.3,0
95.1,2.15,46.5,36.8,59.6,10.6,0
146.0,1.1,51.2,39.9,75.5,21.9,0
24.2,1.17,53.8,29.7,46.1,11.0,0
126.2,1.19,110.5,36.5,35.0,11.9,1
42.8,0.9,113.6,29.3,63.1,39.2,0
38.1,0.79,63.1,25.6,62.7,36.5,0
196.8,0.8,60.3,23.5,90.3,12.4,0
89.7,1.77,47.9,21.2,94.6,22.2,0
110.1,0.65,119.9,35.9,97.8,46.3,0
33.3,1.96,41.4,25.0,34.1,18.9,0
53.0,2.85,65.5,25.6,97.0,49.8,0
143.7,0.96,49.7,39.2,70.5,27.1,0
11.4,2.25,70.3,36.3,41.0,48.0,0
37.2,2.29,87.5,20.9,38.4,44.5,0
118.9,2.36,61.9,29.6,66.6,46.7,0
143.2,1.22,59.6,31.8,51.0,15.8,0
14.5,1.87,119.8,39.9,35.1,10.7,0
186.7,3.14,107.9,24.2,41.0,41.7,1
122.3,3.46,85.4,15.2,87.2,15.0,1
187.8,0.9,31.5,17.7,68.7,13.6,0
143.5,1.11,83.4,21.6,64.2,45.3,1
18.5,1.77,47.7,15.1,84.0,31.9,0
148.2,2.16,62.8,15.2,35.3,44.2,1
109.1,3.0,78.3,18.7,38.9,15.4,1
159.2,3.08,109.9,20.3,47.5,5.1,1
176.8,1.72,82.1,18.9,95.1,43.2,1
162.2,3.14,22.5,33.4,53.3,46.5,1
172.8,2.93,46.7,34.7,37.6,43.6,1
44.5,2.95,66.0,22.6,85.7,11.4,0
38.6,1.48,106.4,39.2,49.5,32.1,0
196.2,2.11,113.9,17.9,97.9,8.9,1
53.1,0.83,63.5,33.2,52.0,30.3,0
77.0,2.23,45.5,32.7,30.1,46.3,0
143.9,2.73,87.1,24.1,34.9,33.2,1
62.8,3.04,92.0,22.5,51.6,20.4,1
59.1,0.88,62.0,38.5,77.4,45.1,0
60.2,2.14,20.0,22.2,60.1,29.0,0
93.0,1.83,41.4,26.8,93.1,39.8,0
17.0,2.05,83.3,23.4,87.3,37.6,0
44.9,1.1,22.4,21.1,63.3,42.5,0
82.9,2.39,39.4,32.4,64.6,12.2,0
1.1,2.75,97.0,17.7,59.8,8.8,0
103.6,0.65,44.9,36.2,62.0,40.1,0
197.6,2.29,115.0,37.3,72.9,36.0,1
166.1,2.14,109.7,33.6,63.2,13.0,1
127.5,2.8,72.1,30.7,49.2,3.9,1
54.3,1.46,74.0,18.5,46.2,34.7,0
12.8,1.72,74.3,25.4,44.5,21.0,0
116.8,2.59,105.7,34.1,56.6,0.3,1
150.7,3.06,115.3,25.5,82.3,27.3,1
44.1,1.16,63.6,15.7,53.5,34.0,0
33.0,1.9,32.8,30.6,31.9,19.7,0
5.4,2.43,33.6,26.5,33.5,19.0,0
65.4,2.78,57.9,33.8,88.2,12.6,0
3.9,2.12,120.0,23.7,75.5,39.1,0
150.8,3.35,39.9,15.5,40.7,6.3,1
112.8,1.15,89.9,34.2,41.7,30.4,0
22.9,2.96,116.5,17.7,31.8,15.6,1
191.6,1.69,91.5,16.9,78.3,31.4,1
154.5,3.05,80.0,18.0,98.9,39.1,1
85.7,1.61,70.6,23.5,89.5,41.1,0
192.2,2.41,102.9,32.7,60.5,36.7,1
54.0,2.92,73.8,27.1,60.5,36.6,0
170.3,2.99,28.7,37.0,47.1,23.2,1
75.8,0.59,105.1,19.5,44.8,39.9,0
176.1,2.6,47.6,15.3,96.4,4.3,1
97.7,2.77,89.1,31.1,64.4,39.6,1
44.3,2.58,50.6,29.5,63.1,26.5,0
149.2,1.49,90.3,21.8,47.6,6.0,1
23.9,2.11,96.2,19.6,45.1,24.2,0
195.3,2.07,48.3,17.5,43.6,11.4,1
2.8,2.1,47.4,39.4,68.7,34.9,0
173.7,1.97,107.3,29.4,62.9,22.0,1
10.3,3.32,67.8,35.6,58.0,3.7,0
10.7,0.95,76.3,22.6,99.6,5.9,0
121.3,2.87,42.6,28.1,61.5,22.1,1
198.0,1.42,82.1,30.2,81.8,47.4,1
42.2,2.48,35.7,19.3,35.3,0.1,0
118.8,1.37,43.1,32.7,79.2,22.7,0
184.8,2.86,82.5,31.5,95.4,21.3,1
129.5,3.23,102.7,16.8,41.6,15.4,1
113.8,1.37,32.4,32.2,79.0,47.1,0
98.8,0.74,24.0,25.8,52.6,12.5,0
192.4,3.01,77.5,38.8,100.0,33.6,1
8.0,2.77,67.1,31.3,94.1,9.1,0
127.0,1.98,29.1,23.7,53.3,33.5,0
66.0,2.58,48.8,38.6,86.9,27.5,0
62.9,1.47,117.0,25.1,66.0,49.4,0
108.5,1.74,38.8,24.0,83.0,31.3,0
40.7,2.15,112.8,26.0,78.9,6.1,0
121.8,1.22,35.8,28.8,68.7,4.7,0
182.6,1.88,31.7,35.8,64.9,35.8,1
54.7,3.0,118.0,21.1,68.6,19.2,1
101.6,3.14,106.4,21.9,85.3,20.7,1
101.5,2.96,48.3,22.5,71.1,49.9,0
29.7,2.12,54.5,28.8,68.0,22.8,0
37.7,2.59,77.2,20.8,84.3,2.2,0
141.0,2.93,58.6,31.6,87.5,49.0,1
7.4,2.01,79.0,36.7,91.2,22.0,0
91.4,2.67,61.0,31.4,40.8,23.5,1
67.7,2.58,85.0,36.3,89.7,43.0,0
63.3,2.66,95.9,36.8,32.5,3.4,1
184.2,3.49,94.7,25.8,36.9,31.7,1
88.7,2.58,110.3,16.1,85.7,14.7,1
29.1,2.09,76.6,34.8,41.9,3.9,0
123.9,1.22,111.3,18.6,62.3,12.7,0
1.9,2.91,110.1,31.9,41.1,22.1,0
117.5,2.42,62.4,21.3,89.2,10.0,0
96.6,1.21,77.2,29.4,99.5,14.8,0
131.6,1.32,76.6,32.1,82.1,2.5,0
99.3,3.21,48.6,35.0,72.5,17.6,1
124.2,2.53,92.1,31.5,88.7,31.4,1
129.3,1.43,64.1,29.5,81.3,4.5,0
149.5,1.03,33.2,28.5,98.0,26.5,0
166.1,1.27,102.5,27.0,86.5,37.3,1
23.0,3.39,34.1,39.2,90.2,36.2,0
193.5,2.91,56.6,34.8,31.0,26.8,1
134.6,2.52,78.5,35.6,95.8,5.4,1
5.0,3.15,76.1,37.9,45.5,3.2,0
181.9,1.41,60.8,18.5,96.2,15.2,1
19.4,3.16,33.6,26.3,76.9,37.2,0
83.8,2.73,35.5,25.4,36.9,24.5,0
190.3,0.6,57.1,26.1,96.5,42.8,0
137.1,2.13,117.8,24.0,57.9,9.5,1
169.6,1.86,86.3,31.0,71.8,1.1,1
48.7,0.88,76.5,16.7,83.6,10.4,0
173.9,1.49,34.8,37.5,30.2,42.9,0
26.0,1.25,37.4,31.5,31.8,0.7,0
47.6,1.47,37.4,16.3,81.9,26.3,0
95.2,2.83,71.3,17.7,65.3,47.3,0
156.6,3.1,72.1,26.5,97.5,3.0,1
80.3,2.56,69.0,37.7,35.1,4.0,0
13.1,1.33,83.3,28.7,52.8,49.7,0
90.7,2.32,29.9,32.5,89.7,32.5,0
144.2,1.15,65.2,20.7,53.7,22.7,0
19.0,1.78,86.5,24.4,40.7,46.1,0
166.4,0.78,29.7,33.5,86.8,27.8,0
112.3,1.49,32.2,23.8,76.6,37.5,0
144.2,3.41,80.0,23.8,70.5,10.6,1
44.8,0.82,104.5,24.2,83.4,28.7,0
169.0,3.42,101.8,30.3,75.0,1.3,1
165.9,1.3,38.0,32.6,51.6,17.0,0
174.0,2.2,60.1,18.5,74.3,1.5,1
43.0,1.76,54.1,24.3,80.5,38.8,0
17.0,0.66,35.7,30.4,77.2,13.6,0
97.1,1.83,47.3,33.9,38.0,21.5,0
135.7,1.96,86.7,16.1,57.7,30.0,0
60.3,1.13,33.7,21.4,53.0,0.4,0
35.1,1.64,90.4,27.5,88.3,40.3,0
172.4,0.63,21.9,38.0,90.3,28.8,0
141.9,1.75,31.5,15.5,52.7,40.1,0
166.4,3.26,28.8,36.1,47.0,29.4,1
79.2,1.43,54.0,23.3,41.8,25.5,0
102.0,3.22,54.9,33.2,87.3,40.8,1
29.3,1.09,80.2,34.0,75.9,8.9,0
98.8,2.76,96.0,26.2,94.7,28.2,1
124.9,3.09,82.7,18.8,34.8,22.1,1
54.9,0.67,70.7,22.8,61.6,2.8,0
15.3,3.09,105.5,30.4,65.5,23.1,0
158.4,3.19,65.0,35.2,75.6,16.1,1
30.2,0.69,30.4,37.5,54.0,35.7,0
34.5,1.24,63.8,26.0,66.6,7.9,0
56.6,1.73,53.8,29.9,85.2,32.4,0
18.9,2.54,48.4,33.1,76.0,45.3,0
66.7,2.25,34.1,23.7,97.7,34.9,0
119.0,3.31,51.0,24.4,85.4,40.7,1
165.8,2.72,88.5,28.2,75.2,21.2,1
72.5,1.04,41.4,38.7,64.0,11.3,0
15.4,3.03,30.1,34.3,88.5,44.2,0
67.4,2.8,33.1,24.4,41.4,41.6,0
161.8,1.0,63.8,25.3,77.3,11.9,0
57.0,2.75,64.9,28.4,51.7,40.4,0
167.0,1.6,114.7,39.6,62.3,14.1,1
105.5,3.4,101.7,35.0,39.7,12.5,1
174.8,2.16,30.3,36.1,89.6,14.3,1
54.6,3.22,34.7,25.9,96.2,11.1,0
69.9,0.58,25.3,27.6,46.5,49.7,0
5.6,3.29,103.9,31.2,85.4,6.9,0
166.0,2.59,33.9,32.6,61.4,0.3,1
51.2,3.0,74.9,33.2,66.9,5.6,0
60.2,0.64,62.0,34.8,62.0,5.5,0
119.3,0.55,71.5,21.0,40.1,21.5,0
48.1,1.75,86.4,17.1,98.2,3.4,0
101.5,3.46,75.4,24.8,62.9,31.8,1
50.7,0.55,98.9,23.6,81.3,31.4,0
147.0,1.5,24.4,28.7,86.9,8.8,0
92.9,2.59,83.2,35.3,34.4,38.8,1
58.7,0.63,39.9,16.0,95.3,25.8,0
108.6,1.26,95.3,19.8,55.0,39.0,0
66.4,0.87,56.8,37.2,82.0,44.7,0
194.7,1.99,69.8,38.1,66.3,40.1,1
15.8,2.31,102.2,28.6,52.5,4.0,0
61.3,2.31,62.6,32.2,54.6,2.1,0
70.5,3.49,47.5,39.5,96.4,3.8,1
72.7,2.9,87.9,38.8,40.0,30.4,1
7.0,0.7,97.9,24.2,56.8,28.4,0
135.8,3.35,57.2,34.1,70.2,26.5,1
129.9,1.25,31.3,33.4,64.9,19.3,0
52.4,1.28,64.6,39.9,50.0,45.8,0
24.5,3.06,65.2,37.5,61.2,4.4,0
169.1,1.46,54.7,16.6,68.0,44.6,1
142.4,3.28,83.8,34.8,65.6,6.1,1
27.8,2.87,22.6,28.9,55.8,40.2,0
122.4,0.76,50.9,40.0,80.3,26.3,0
164.7,0.72,117.2,31.1,61.5,34.0,1
175.6,2.84,84.0,19.5,97.6,21.6,1
11.1,0.87,35.3,19.1,52.6,35.5,0
188.2,3.18,104.6,21.3,74.5,27.5,1
60.6,2.1,70.3,19.2,95.9,7.7,0
144.1,2.32,104.3,29.1,87.8,1.4,1
128.3,2.23,85.1,34.2,59.2,31.9,1
125.4,1.37,115.7,27.1,86.3,34.2,1
14.6,0.68,64.0,27.1,44.3,30.3,0
143.7,2.7,106.1,39.4,39.2,18.5,1
63.8,1.9,46.7,21.2,36.8,14.5,0
123.1,1.24,106.5,19.0,52.9,28.9,0
152.6,1.99,71.5,27.5,51.6,1.2,1
101.1,3.4,41.5,23.8,33.5,24.7,1
130.9,1.91,73.7,36.2,60.2,44.1,1
152.8,1.6,60.1,29.3,43.6,27.7,0
100.9,2.79,48.0,39.7,77.6,5.9,1
78.8,2.88,53.9,38.5,82.8,10.0,0
100.0,0.64,33.7,23.3,63.2,22.8,0
103.1,1.48,81.3,19.1,99.3,37.0,0
67.3,2.98,73.2,32.7,51.0,40.8,0
134.8,3.44,78.4,34.9,80.8,34.4,1
94.9,3.4,98.3,34.4,70.4,36.1,1
34.1,2.39,82.0,36.0,40.3,34.0,0
189.6,0.83,21.9,22.8,40.6,34.5,0
155.0,3.26,107.3,33.4,34.4,6.9,1
65.0,2.49,72.5,22.8,42.1,45.6,0
70.9,2.82,92.1,31.1,78.5,30.5,0
49.3,2.17,42.5,39.3,50.8,14.5,0
141.0,1.45,54.9,38.3,85.7,13.7,0
135.3,1.64,118.0,35.5,96.8,40.2,1
57.5,2.64,54.6,26.1,48.0,24.0,0
107.7,3.3,89.6,18.4,73.1,29.3,1
134.0,2.09,83.8,16.3,58.9,35.9,1
154.2,0.52,75.0,38.2,58.5,46.8,0
95.5,1.1,116.4,23.0,75.2,45.4,0
114.8,2.11,92.3,38.4,93.9,8.8,1
35.2,3.26,119.7,24.9,64.7,46.8,1
185.2,3.13,20.9,29.2,37.5,49.1,1
197.8,2.13,69.4,38.5,89.6,23.4,1
22.5,0.99,65.9,21.4,43.0,36.8,0
113.6,2.77,37.5,36.4,92.8,41.3,0
17.3,2.51,38.5,18.5,52.7,12.4,0
47.1,2.76,115.4,22.5,80.6,0.6,1
138.6,0.69,31.8,22.7,58.4,25.1,0
140.7,1.43,31.7,37.9,50.7,30.7,0
26.7,0.96,94.8,30.1,59.1,27.5,0
107.5,2.49,41.8,21.2,82.8,43.7,0
89.3,2.61,27.8,29.1,34.3,27.4,0
114.5,0.95,52.8,28.0,38.1,10.3,0
18.2,2.03,100.9,26.3,65.9,22.8,0
92.5,2.92,92.3,24.9,87.2,37.3,1
9.1,1.53,26.4,39.9,95.4,3.5,0
6.3,1.73,96.9,34.1,98.5,32.3,0
198.6,1.65,107.0,37.7,56.3,34.1,1
107.9,2.46,54.8,19.5,67.6,26.4,0
44.5,0.51,22.3,22.5,77.1,27.2,0
164.7,1.24,54.6,21.9,95.6,36.3,0
161.9,1.76,96.6,37.1,31.1,10.3,1
6.7,2.29,90.3,16.2,81.8,20.1,0
43.5,3.09,25.6,27.6,50.2,40.8,0
63.8,2.29,87.3,23.0,51.1,7.2,0
44.2,1.4,26.1,38.7,91.6,45.6,0
85.4,1.99,117.2,38.5,77.0,39.3,0
83.3,0.95,57.6,33.9,63.1,42.5,0
141.5,2.92,111.5,29.1,97.7,27.9,1
48.6,1.11,84.7,38.1,89.3,4.6,0
38.1,1.31,87.4,30.1,91.2,9.4,0
144.9,2.18,67.9,36.7,53.3,47.9,1
187.4,3.39,31.7,40.0,63.5,12.1,1
40.9,3.25,75.2,34.4,56.6,26.7,0
52.3,2.04,69.7,17.5,98.7,23.5,0
182.9,1.61,61.4,29.1,45.5,7.3,1
187.0,2.24,61.8,18.8,53.1,19.0,1
99.9,2.46,88.5,21.4,87.5,48.3,1
98.1,1.0,99.5,19.2,80.4,24.4,0
108.4,2.43,25.9,15.8,89.3,47.3,0
152.9,1.74,104.3,20.8,79.5,0.5,1
74.6,2.35,86.7,30.4,63.8,24.4,0
110.3,0.54,72.9,21.9,98.4,0.9,0
134.8,2.92,111.0,17.7,36.7,7.4,1
105.3,2.95,46.7,24.9,56.1,20.3,1
198.0,1.18,88.4,36.2,75.8,42.9,1
18.7,1.64,75.3,16.4,30.7,8.6,0
86.8,2.85,76.6,36.4,36.7,26.4,0
42.3,3.1,108.8,26.9,33.3,3.7,1
179.9,2.19,23.3,38.2,52.0,48.1,1
150.5,2.64,59.8,16.9,41.4,12.0,1
77.8,3.19,53.2,33.9,39.8,49.4,1
100.2,3.42,25.4,25.9,88.7,17.0,1
191.0,1.69,97.4,15.7,49.1,49.6,1
71.2,3.32,63.2,32.0,76.2,4.3,1
159.6,2.64,28.2,18.9,79.8,31.7,1
63.3,0.82,20.5,22.7,55.2,13.5,0
37.5,1.85,75.5,25.2,31.8,17.7,0
119.6,1.47,58.5,22.3,57.1,4.2,0
181.0,3.43,77.2,19.2,56.7,6.9,1
98.6,0.69,63.5,25.5,63.9,3.8,0
49.3,2.38,79.4,19.9,37.5,15.2,0
66.4,2.36,100.4,23.2,53.4,40.8,1
194.8,0.91,52.1,38.7,44.1,15.7,1
193.7,1.37,89.5,27.3,70.3,12.1,1
163.3,1.68,31.4,29.1,71.5,27.3,0
110.0,3.36,66.2,32.7,60.7,14.6,1
163.8,2.89,60.9,27.5,74.3,12.1,1
143.0,2.87,27.4,39.8,63.5,20.0,1
184.1,2.58,74.4,34.8,55.2,44.8,1
127.6,0.75,96.9,31.4,54.9,32.3,0
196.7,2.53,60.0,33.8,97.6,21.5,1
51.7,2.03,71.9,29.5,70.3,22.3,0
154.5,2.27,70.0,23.6,31.7,5.2,1
192.3,0.85,114.1,18.5,51.8,22.8,1
96.6,1.93,63.8,32.4,52.3,15.0,0
23.0,3.05,84.8,31.9,41.5,49.2,0
34.9,0.98,76.0,39.0,46.2,20.3,0
128.1,1.8,22.9,30.4,43.8,29.6,0
140.9,1.12,95.2,35.2,34.4,5.1,1
37.4,1.48,65.8,21.6,90.4,26.4,0
119.4,2.33,78.7,23.7,89.2,30.9,1
141.2,1.39,81.4,17.1,39.4,5.9,0
36.6,2.58,71.1,25.5,39.7,19.2,0
127.1,2.58,84.5,40.0,68.8,24.5,1
62.9,1.85,25.4,24.0,30.7,6.8,0
192.8,2.02,69.5,32.1,59.1,42.0,1
16.5,0.59,96.1,22.3,49.2,26.9,0
91.5,2.73,96.6,28.7,37.9,5.7,1
164.7,1.6,102.3,16.0,80.3,27.3,1
20.5,2.99,95.1,22.4,100.0,22.5,0
163.3,1.82,119.4,34.4,46.6,40.5,1
70.1,2.63,83.3,19.1,39.7,10.3,0
11.9,1.55,48.1,28.5,52.7,35.2,0
53.5,3.07,118.5,32.0,36.7,48.1,1
183.8,3.48,106.7,18.2,90.6,12.5,1
165.7,2.78,87.6,27.2,70.4,13.4,1
90.4,2.4,108.0,17.3,66.1,13.9,1
73.8,3.35,52.7,15.1,84.2,36.6,1
91.7,2.49,55.8,16.6,67.4,10.9,0
42.4,1.31,102.8,23.4,70.5,28.3,0
68.7,2.55,24.8,17.5,84.9,23.0,0
171.5,1.82,20.1,39.0,44.2,34.4,0
130.0,0.98,113.3,21.9,75.8,12.5,0
180.8,1.0,59.6,22.6,79.0,11.7,1
140.7,0.5,67.7,18.3,45.8,34.0,0
139.1,2.95,118.8,25.6,39.3,3.5,1
146.2,0.81,51.3,37.0,39.6,38.7,0
26.6,3.48,34.3,28.3,30.6,32.5,0
144.5,2.38,35.1,25.3,78.1,43.0,0
20.1,2.76,79.0,24.6,97.4,15.7,0
55.4,0.75,75.3,30.0,72.5,38.9,0
169.6,2.48,50.2,27.9,65.7,37.4,1
10.9,3.19,115.5,27.4,37.9,25.0,0
105.7,3.43,118.7,38.3,39.2,43.0,1
73.1,2.55,96.3,38.9,83.9,0.8,0
52.4,0.62,26.0,34.7,65.5,31.4,0
83.1,2.61,28.2,28.4,73.1,13.9,0
102.3,1.11,100.8,28.4,57.4,31.7,0
136.2,0.7,89.9,33.2,89.3,2.9,0
86.9,1.86,80.9,22.7,81.9,37.0,0
141.6,2.6,36.4,38.8,66.6,39.1,1
33.4,0.88,98.1,21.7,92.0,38.6,0
161.4,1.32,26.4,32.8,70.4,3.9,0
72.0,2.0,76.7,24.2,47.9,5.1,0
144.6,1.19,70.9,16.1,90.4,12.2,0
76.6,0.95,113.1,36.4,68.7,45.7,0
83.9,1.47,61.6,33.0,49.0,3.9,0
100.4,3.21,37.9,35.1,98.7,47.7,0
93.0,1.35,104.5,23.2,68.7,0.4,0
112.8,1.41,82.3,26.6,71.4,24.7,0
39.1,3.2,96.0,21.1,30.4,20.5,0
69.3,3.02,107.7,38.8,30.1,32.9,1
145.4,0.81,73.0,21.0,64.4,3.0,0
142.3,0.78,112.1,37.4,66.4,35.0,0
194.9,0.75,29.6,18.3,87.4,3.7,0
87.0,3.39,43.7,21.5,52.1,40.0,1
147.1,1.45,47.2,16.9,44.2,39.0,0
31.1,0.99,66.6,25.2,67.5,48.2,0
61.7,1.3,32.0,18.9,78.0,41.3,0
8.1,3.01,52.8,17.3,47.4,17.8,0
135.4,1.28,119.1,15.8,58.3,22.6,1
50.0,1.89,100.4,18.5,30.8,41.5,0
26.1,2.97,57.2,30.8,75.1,29.1,0
162.5,0.57,26.4,37.6,61.0,6.4,0
165.9,1.49,24.3,26.5,41.8,28.7,0
79.0,0.59,88.3,19.3,45.0,9.4,0
176.7,0.6,81.9,21.1,50.7,20.6,0
12.2,1.34,33.7,20.0,91.9,26.3,0
160.4,2.88,118.9,34.5,55.1,27.2,1
182.5,2.01,58.8,19.5,52.3,11.0,1
155.7,0.68,119.2,28.2,83.7,50.0,1
20.0,2.47,46.7,35.4,94.2,2.8,0
43.9,3.04,99.7,23.9,88.7,42.3,0
118.5,2.92,89.8,37.8,32.0,35.0,1
112.7,2.19,38.8,39.7,91.7,24.6,0
98.1,0.77,43.3,20.5,66.9,0.0,0
40.3,0.89,91.7,38.0,89.1,16.2,0
117.3,3.25,97.4,36.2,90.2,48.0,1
188.4,1.69,30.1,22.5,39.6,7.9,1
158.4,3.38,84.9,19.4,97.8,34.7,1
157.4,1.17,78.9,19.4,51.5,34.4,0
145.8,3.35,114.9,24.8,99.6,48.3,1
120.5,3.26,116.8,20.5,69.6,46.8,1
149.1,1.21,118.2,19.2,92.0,4.4,1
127.8,3.16,64.7,21.6,47.5,3.4,1
21.6,0.5,58.6,33.3,97.8,44.2,0
75.7,2.14,30.1,27.0,90.5,32.5,0
32.5,0.72,104.6,22.4,52.3,47.6,0
34.0,1.63,93.2,28.7,92.9,4.7,0
122.7,1.95,23.1,38.6,41.5,44.5,0
20.3,1.12,39.0,32.4,80.5,36.5,0
56.3,1.21,25.0,29.3,88.8,7.7,0
85.5,1.38,86.2,30.0,44.0,1.3,0
58.4,0.75,104.4,22.7,57.8,24.5,0
18.2,2.13,38.5,37.1,55.9,22.3,0
93.0,1.18,46.9,16.5,82.7,33.4,0
68.8,2.12,117.1,29.7,68.8,42.0,1
83.7,2.11,106.7,26.9,91.7,23.8,0
180.6,2.64,70.2,37.5,86.0,33.9,1
24.1,2.77,37.3,39.6,98.1,40.4,0
84.7,3.46,63.5,39.9,73.9,41.7,1
182.2,3.24,26.7,24.7,57.8,16.3,1
91.6,3.12,98.7,30.6,66.6,21.0,1
29.6,2.26,95.8,38.5,94.7,28.1,0
57.2,2.11,54.4,25.3,56.8,24.3,0
7.5,1.33,34.4,30.2,78.6,1.9,0
66.3,1.21,94.6,38.0,92.8,1.0,0
60.6,1.34,69.2,32.4,36.9,43.4,0
194.8,1.83,102.6,21.7,59.2,32.3,1
42.3,2.97,94.1,34.0,90.7,41.1,0
31.8,1.43,70.7,18.4,89.6,44.0,0
38.6,3.0,103.7,21.2,62.0,45.9,1
54.8,2.97,70.5,30.9,38.7,1.5,0
118.8,1.03,107.0,29.7,54.5,8.2,1
149.8,2.57,48.5,24.7,41.4,28.6,1
171.4,2.44,87.8,21.7,58.7,1.0,1
153.5,0.53,111.2,31.2,72.1,0.4,0
161.0,1.42,116.7,31.1,59.7,18.8,1
50.4,1.9,87.7,35.6,57.8,5.1,0
132.5,3.03,57.4,31.2,72.6,14.9,1
12.8,3.47,84.1,36.5,48.3,35.6,0
59.8,0.95,96.5,37.5,86.4,40.1,0
132.1,2.54,92.1,31.4,99.8,13.0,1
77.7,0.61,90.8,29.3,43.3,36.3,0
106.9,2.85,110.7,31.8,65.5,42.3,1
175.3,1.04,29.8,18.2,48.1,40.4,0
36.6,2.54,53.6,17.2,54.9,37.2,0
157.6,1.49,46.1,22.4,89.6,23.5,0
116.7,3.33,27.1,37.2,65.0,43.4,1
59.7,0.66,105.4,18.4,44.0,20.5,0
181.3,1.87,51.6,32.9,84.5,24.4,1
35.4,2.4,20.5,21.8,83.3,8.4,0
97.9,2.79,28.8,30.4,74.3,20.2,0
76.7,0.61,39.9,24.3,31.0,16.1,0
38.1,2.53,82.7,21.2,78.5,17.2,0
76.7,2.27,36.7,35.6,50.9,14.5,0
119.3,1.51,108.8,39.9,54.0,45.1,1
37.7,3.34,111.8,25.1,46.0,36.4,1
146.8,2.27,36.9,24.2,75.5,1.9,1
51.2,2.1,24.9,39.9,76.3,32.7,0
137.9,1.75,58.0,28.7,63.2,7.7,0
126.1,1.4,86.2,31.6,48.9,30.3,0
166.1,0.81,91.9,17.9,38.0,5.3,0
39.9,1.29,72.3,20.0,79.2,14.8,0
99.3,1.12,113.3,23.3,30.2,33.6,0
167.0,2.51,34.9,17.3,65.8,36.2,1
51.2,1.19,118.9,22.4,62.5,5.0,0
7.9,1.37,100.2,22.8,81.7,4.7,0
9.2,3.06,86.3,19.3,55.0,21.9,0
175.7,0.78,101.5,19.6,58.1,48.1,1
77.1,3.05,100.0,31.2,85.8,5.7,1
11.7,3.33,35.9,25.4,71.4,40.1,0
36.3,1.64,55.9,15.7,77.9,41.9,0
26.1,3.26,31.3,25.3,33.2,13.1,0
140.9,2.53,96.8,29.4,69.6,48.9,1
67.7,2.07,90.1,17.4,76.3,12.4,0
135.3,1.65,103.9,29.0,99.1,2.7,1
31.4,3.05,105.2,36.7,35.2,24.6,0
194.0,0.65,42.3,31.1,58.2,11.7,0
160.3,1.84,105.7,26.2,38.3,24.9,1
20.5,1.74,75.7,15.0,36.4,30.2,0
60.9,2.03,40.7,31.8,96.5,18.2,0
44.6,1.86,76.0,30.5,63.1,32.9,0
22.8,2.78,42.2,23.5,88.1,48.2,0
104.4,2.61,24.6,19.1,39.8,35.8,0
21.4,2.33,38.8,38.3,57.5,22.9,0
143.4,0.82,61.4,38.2,88.6,29.4,0
90.1,2.48,115.6,18.4,64.9,26.5,1
187.1,3.02,68.3,27.7,94.5,8.9,1
146.1,0.89,58.7,30.0,91.8,25.2,0
195.9,3.25,96.2,21.8,97.5,48.5,1
26.7,1.74,90.0,33.7,50.9,35.1,0
142.4,3.31,83.3,20.0,73.7,14.5,1
134.5,3.44,85.0,39.0,65.3,34.7,1
23.1,1.56,68.0,29.3,76.7,20.9,0
168.3,1.36,104.7,35.2,66.6,1.3,1
134.1,1.1,95.0,19.0,50.1,12.5,1
138.1,1.39,95.4,15.8,87.0,5.1,1
147.9,3.09,94.2,29.0,46.6,39.2,1
57.5,2.49,112.6,24.7,97.0,48.8,0
110.4,0.54,45.1,30.5,84.7,43.5,0
182.3,2.61,84.8,33.9,68.3,30.2,1
192.9,1.38,37.7,32.1,43.1,8.7,1
75.4,1.79,75.7,18.3,70.9,12.8,0
141.9,0.96,35.4,23.1,33.6,46.6,0
132.4,1.97,77.3,24.0,84.9,15.9,0
36.8,0.7,70.5,25.4,67.6,4.6,0
42.7,1.5,56.1,20.5,82.7,26.5,0
164.7,3.44,20.9,31.7,61.2,45.2,1
124.2,3.38,88.3,23.0,94.1,47.2,1
108.0,1.35,111.1,35.6,56.2,40.1,0
8.8,3.19,39.3,27.8,96.4,8.4,0
107.6,0.52,26.5,31.8,84.2,43.2,0
20.8,2.11,90.3,39.4,84.3,32.3,0
149.4,0.96,65.9,23.3,36.1,2.7,0
111.6,2.22,42.8,21.5,57.2,31.5,0
3.4,2.52,73.5,31.0,73.3,37.8,0
140.2,0.72,112.8,17.7,85.1,15.1,0
153.1,1.81,59.5,31.5,63.2,26.7,0
78.2,2.89,74.6,39.0,40.1,33.9,1
159.0,2.69,57.3,38.7,68.7,27.8,1
1.0,2.29,73.7,38.7,51.3,37.4,0
68.8,1.74,84.6,27.8,41.3,11.0,0
38.9,1.04,100.0,36.3,89.6,46.6,0
92.3,2.15,49.1,16.7,36.9,36.3,0
66.2,0.88,85.5,17.5,73.4,45.0,0
90.1,2.35,50.6,29.6,69.6,18.2,0
85.7,0.51,44.6,20.5,81.8,21.8,0
26.9,2.7,107.8,26.6,55.1,15.3,0
35.2,2.32,104.2,36.5,39.8,26.9,0
177.3,0.73,27.5,15.5,65.5,1.6,0
81.0,2.27,110.6,28.8,68.0,49.9,1
155.0,1.6,42.3,34.3,81.3,14.5,0
102.1,1.69,70.2,31.6,89.4,40.3,0
33.2,2.04,64.6,19.5,96.4,33.0,0
147.2,1.95,55.9,20.5,64.1,3.1,0
8.6,1.12,110.8,24.0,62.9,22.7,0
196.1,1.47,90.4,28.0,88.1,41.7,1
108.9,1.02,85.4,24.1,75.7,41.8,0
75.3,3.22,71.6,23.8,90.7,24.3,1
120.8,2.01,33.9,19.1,35.4,32.2,0
37.4,1.59,91.7,18.0,46.1,40.6,0
96.3,1.94,41.1,19.0,88.3,1.1,0
114.7,0.98,83.0,16.0,70.1,2.8,0
36.0,3.37,79.9,29.1,31.3,36.0,0
56.7,0.76,64.9,39.8,90.7,8.5,0
120.2,2.88,102.0,19.5,76.2,13.2,1
68.5,1.86,79.1,20.7,57.0,5.4,0
171.9,2.01,62.0,18.7,36.7,23.8,1
7.8,2.85,70.3,17.9,63.8,6.5,0
165.5,3.19,97.5,31.2,66.5,18.5,1
106.0,1.19,100.2,34.7,56.7,29.5,0
152.3,2.59,29.8,18.3,63.4,11.6,1
56.7,3.13,60.9,19.7,79.6,39.5,0
23.6,0.52,85.5,32.2,52.1,18.1,0
130.3,1.26,105.5,25.6,55.6,13.8,1
151.0,1.74,98.4,27.1,55.9,27.7,1
61.3,1.53,90.5,33.4,89.8,33.0,0
89.3,2.6,36.2,20.4,58.0,16.9,0
139.4,2.62,36.1,39.1,30.4,4.6,0
185.2,1.81,26.4,20.5,35.6,1.9,0
196.9,2.34,72.1,32.8,71.8,47.3,1
128.1,1.82,40.2,31.4,86.3,14.3,0
119.9,2.05,43.2,19.2,32.5,12.0,0
31.5,3.49,98.0,23.8,57.7,29.3,1
147.4,0.71,29.0,22.1,88.1,45.8,0
192.7,1.33,80.6,19.9,95.1,28.7,1
81.4,0.82,27.2,22.4,96.3,40.1,0
175.2,2.94,77.5,32.4,97.6,28.2,1
151.5,3.38,65.9,26.5,71.1,1.4,1
13.5,2.4,119.4,31.9,46.1,15.8,0
103.3,0.53,103.2,21.2,36.5,33.7,0
15.2,3.29,67.7,23.8,92.6,13.5,0
136.6,3.23,69.9,20.0,81.5,43.6,1
40.6,1.25,81.9,18.9,37.5,46.0,0
132.7,2.34,96.4,28.5,33.0,24.1,1
98.5,3.46,109.7,36.7,64.4,49.2,1
56.1,1.17,77.7,16.4,85.9,23.9,0
100.5,1.68,88.6,19.4,98.4,34.9,0
137.8,0.54,41.1,29.5,52.8,30.6,0
109.7,1.21,67.1,30.3,55.6,24.9,0
140.1,1.62,105.4,22.0,42.6,6.6,1
45.7,0.8,47.0,20.9,60.3,19.0,0
191.8,0.95,100.6,19.4,65.0,49.8,1
103.4,2.66,98.5,22.5,69.3,28.4,1
138.1,0.68,101.4,26.9,74.1,22.5,0
72.2,2.18,113.2,21.4,31.4,6.1,1
192.6,1.1,77.6,31.2,42.2,39.0,1
134.6,1.96,93.7,37.2,56.7,14.3,1
29.0,1.0,100.8,23.4,74.2,28.6,0
14.3,0.99,42.8,22.9,50.4,13.4,0
54.2,1.83,106.3,24.1,71.1,48.3,0
36.8,0.57,92.8,31.6,95.8,35.0,0
33.4,0.81,26.4,37.0,68.4,1.3,0
153.0,0.75,46.2,18.9,75.8,44.3,0
49.5,1.35,82.6,18.3,88.7,1.4,0
172.1,1.48,67.6,39.4,67.8,13.6,1
193.9,2.59,37.7,29.9,74.2,31.8,1
104.7,2.42,51.0,23.7,67.8,40.2,0
73.2,1.28,50.4,15.0,87.1,42.4,0
93.8,0.52,112.2,38.7,63.4,0.5,0
58.6,1.19,20.7,24.3,58.8,28.0,0
32.7,2.71,59.0,24.5,48.4,21.1,0
152.9,3.23,100.8,32.1,49.9,37.1,1
82.6,3.06,38.2,22.2,74.6,30.9,0
124.6,1.06,21.9,16.2,67.4,9.3,0
53.8,2.65,92.7,20.8,40.5,24.7,0
62.3,2.9,119.8,26.6,85.4,16.5,1
190.3,0.67,97.6,16.8,62.9,9.6,1
163.5,2.98,32.2,34.2,47.4,38.6,1
147.5,0.6,66.1,34.3,66.5,49.1,0
136.3,1.44,52.3,30.7,33.0,46.9,0
50.7,2.42,39.9,37.2,90.5,10.9,0
126.6,1.47,36.7,21.9,38.4,39.5,0
8.4,2.85,67.5,29.9,56.0,4.5,0
18.3,2.36,113.1,39.9,73.8,3.0,0
140.3,2.87,32.6,20.8,98.7,39.4,1
161.1,1.82,39.3,32.2,55.1,6.7,1
97.1,1.81,49.5,32.4,43.3,9.3,0
146.5,1.33,103.1,37.9,68.8,3.4,1
59.1,1.29,56.7,15.0,74.7,19.0,0
3.7,3.07,97.6,21.0,80.5,32.9,0
77.5,2.07,69.8,28.8,72.9,16.1,0
22.1,2.07,26.7,35.9,39.1,43.7,0
97.1,0.8,77.1,35.9,76.1,26.3,0
51.2,1.6,80.6,16.8,95.1,10.4,0
178.0,0.74,100.1,16.5,69.1,46.9,1
73.8,2.63,102.4,21.6,32.8,3.5,1
188.9,3.38,29.7,33.1,67.2,9.5,1
49.8,2.38,37.9,33.7,59.1,5.3,0
71.6,1.88,86.5,37.1,41.7,9.0,0
67.5,0.97,119.8,26.1,54.7,15.8,0
64.9,1.62,96.4,25.8,80.8,30.4,0
42.8,2.8,112.6,21.4,97.3,22.4,0
145.3,3.45,79.6,27.9,99.5,15.1,1
44.4,3.07,22.2,35.5,78.3,13.8,0
111.3,3.28,35.5,15.9,54.9,6.9,1
116.4,1.2,101.1,17.3,58.0,45.9,0
144.7,2.88,37.3,35.6,78.3,28.8,1
119.0,1.4,93.1,29.4,35.5,2.8,0
69.6,2.95,61.7,36.7,90.9,11.3,0
120.5,0.53,97.7,24.6,51.3,2.1,0
29.9,2.01,42.1,16.3,81.2,19.6,0
119.0,2.01,42.2,22.2,57.6,6.6,0
114.3,0.65,59.9,17.1,65.1,38.7,0
27.0,2.18,68.8,31.3,43.7,30.8,0
49.2,0.71,97.7,23.1,94.7,4.5,0
84.7,1.54,52.1,29.8,31.7,15.2,0
123.2,3.47,64.2,18.6,33.1,40.9,1
74.8,2.77,105.3,17.8,33.8,47.4,1
173.8,2.96,21.4,32.3,37.8,22.5,1
41.8,2.11,40.4,28.1,48.1,24.2,0
28.3,2.6,21.8,29.6,76.4,2.2,0
56.8,2.87,81.8,16.3,75.8,0.4,0
54.3,3.06,86.0,36.6,31.3,43.4,1
46.2,1.64,117.7,17.5,52.1,43.3,0
37.3,2.0,65.8,38.2,31.5,12.4,0
66.7,1.68,35.7,23.7,54.6,31.3,0
195.6,2.0,101.2,30.6,91.5,44.5,1
5.9,2.16,48.0,18.8,92.8,32.8,0
76.4,3.38,81.2,30.6,45.9,12.0,1
194.1,3.23,52.9,28.6,44.5,6.9,1
160.0,3.09,50.9,32.6,66.7,6.8,1
195.2,0.94,113.3,37.9,52.2,27.9,1
23.7,1.45,108.0,33.2,83.6,44.0,0
82.3,1.83,113.4,37.4,95.3,13.7,1
21.4,1.05,96.2,30.3,48.7,28.4,0
46.4,2.56,55.9,32.2,63.4,25.1,0
142.4,1.62,105.2,27.3,39.6,9.7,1
152.9,0.55,47.0,25.3,82.0,49.4,0
13.2,3.28,118.6,36.7,64.3,16.2,0
49.4,1.71,24.2,33.4,56.6,15.6,0
148.5,2.28,72.5,36.9,85.1,26.0,1
165.4,0.63,119.6,28.0,57.7,36.8,1
103.2,2.39,24.9,22.3,57.9,15.2,0
92.3,1.77,81.3,16.4,66.2,7.1,0
90.3,2.67,31.3,34.5,95.6,34.8,0
82.7,1.85,37.9,29.8,79.9,10.1,0
50.0,2.58,110.7,34.9,80.3,6.2,0
89.9,1.59,72.4,24.6,85.4,25.6,0
75.7,1.64,96.8,37.8,69.6,33.0,0
173.8,1.04,91.2,25.5,51.7,38.4,1
125.3,0.85,33.2,20.1,73.6,12.7,0
171.1,2.13,20.6,37.1,46.7,29.4,0
82.0,0.74,80.0,21.1,68.3,31.0,0
165.1,0.65,34.8,31.3,32.6,42.7,0
167.6,1.4,112.0,16.2,59.2,8.9,1
122.2,2.57,79.5,34.7,42.4,22.8,1
186.3,0.78,49.9,24.2,56.5,3.4,0
110.1,1.38,33.5,32.4,49.2,26.4,0
139.2,2.34,30.9,33.2,74.0,49.4,0
137.7,3.3,118.6,22.2,72.6,15.8,1
199.0,1.56,33.0,29.1,66.4,31.6,1
36.0,2.33,90.9,39.5,30.1,1.2,0
23.6,3.04,100.0,40.0,59.0,16.7,0
127.5,0.53,40.1,22.0,85.3,15.4,0
64.8,0.52,88.6,23.5,80.7,30.8,0
35.1,1.49,53.8,31.8,94.1,39.9,0
96.3,2.38,109.2,28.4,53.5,39.2,1
148.5,3.01,49.9,33.1,52.1,26.8,1
137.1,2.9,108.8,23.8,97.9,14.0,1
196.7,2.38,104.2,29.3,57.3,29.8,1
150.3,2.62,51.4,15.8,59.0,24.9,1
90.4,3.35,41.6,22.6,37.9,39.2,1
182.7,1.83,22.5,27.1,65.0,9.5,1
146.5,2.07,97.6,18.6,91.0,41.1,1
135.3,0.9,92.5,26.5,80.0,26.1,0
186.5,2.56,79.4,17.2,62.7,2.3,1
131.8,1.44,77.8,22.8,92.4,16.0,0
55.3,1.46,64.1,17.9,40.5,13.7,0
124.6,2.04,40.7,23.8,52.3,7.1,0
56.7,1.23,27.1,30.3,53.7,22.2,0
94.1,2.53,30.6,16.3,59.9,8.9,0
118.6,3.01,89.9,30.4,51.9,40.9,1
134.2,2.1,117.4,33.9,62.6,6.6,1
183.9,1.9,65.6,32.1,79.7,23.3,1
44.8,3.08,81.7,37.8,57.4,35.0,0
157.8,3.15,65.3,15.8,63.3,17.6,1
34.2,2.8,80.4,18.2,37.2,40.9,0
65.2,2.45,99.2,28.3,58.1,20.7,0
109.6,3.42,58.4,23.5,87.0,29.5,1
87.1,2.86,74.5,20.9,76.4,3.9,1
114.8,1.96,79.2,26.6,68.9,41.1,0
191.2,0.71,30.9,35.4,84.0,18.9,0
132.0,0.77,101.7,37.2,93.2,31.8,0
29.3,0.95,73.1,24.7,70.5,9.8,0
63.3,2.21,111.3,22.6,96.0,21.7,1
68.9,0.77,20.8,39.7,58.3,6.4,0
73.8,2.15,25.3,32.6,87.5,18.0,0
173.1,1.21,90.2,24.9,52.3,19.1,1
109.0,2.49,67.5,19.7,56.9,46.2,1
30.9,3.49,87.0,18.4,35.0,0.8,1
97.3,1.81,119.0,17.1,75.0,20.8,1
157.8,2.31,62.6,19.5,65.7,27.6,1
71.1,1.06,80.5,29.4,89.3,11.8,0
82.2,2.14,56.7,39.5,69.8,35.2,0
96.3,2.57,34.2,33.3,98.9,49.2,0
93.0,0.73,109.0,17.2,63.1,37.1,0
15.6,2.4,99.8,22.8,33.7,17.2,0
93.8,2.04,66.9,33.3,59.5,48.0,0
57.8,0.61,112.3,33.7,80.9,28.2,0
94.6,1.01,25.2,39.8,86.6,31.2,0
16.5,2.02,105.1,21.9,39.3,14.0,0
2.8,0.83,37.5,29.8,40.6,22.3,0
52.3,2.6,68.5,35.0,90.3,17.1,0
29.0,3.3,35.4,27.4,99.6,38.5,0
88.0,2.41,41.1,33.4,54.2,32.1,0
23.2,1.0,59.9,22.5,82.2,37.6,0
76.0,2.62,67.5,18.6,90.9,0.6,0
89.8,2.54,116.2,32.1,32.9,45.9,1
191.2,1.8,111.8,36.5,53.4,13.4,1
130.9,1.67,97.3,33.7,81.4,29.4,1
67.5,2.57,38.0,28.7,77.1,41.6,0
19.5,0.81,64.6,20.5,49.8,9.7,0
18.4,3.32,85.7,35.9,96.5,31.9,0
24.0,3.07,33.0,31.4,93.0,28.3,0
179.2,2.59,45.3,26.7,95.5,31.9,1
55.3,1.78,110.3,34.2,52.6,8.1,0
155.4,1.65,53.3,16.5,96.9,13.2,0
98.3,3.29,81.0,19.5,64.4,7.2,1
43.7,2.43,111.3,32.9,37.2,3.6,0
50.1,1.84,109.7,18.7,74.8,46.6,0
53.3,2.6,110.5,29.4,66.1,47.0,0
87.2,3.03,98.1,34.6,67.8,0.2,1
163.6,1.95,76.7,38.4,55.1,34.1,1
126.5,3.38,29.1,28.4,97.3,4.0,1
153.3,2.44,37.7,16.0,56.9,9.6,1
179.3,2.39,55.9,17.1,74.3,36.8,1
38.6,2.66,79.3,27.2,34.4,27.0,0
106.8,3.0,64.9,39.9,32.6,2.8,1
8.6,0.85,100.7,31.7,62.1,33.9,0
29.8,2.24,112.5,15.9,39.9,32.7,0
183.6,0.64,90.1,18.3,42.1,2.5,0
158.7,1.87,37.1,29.8,87.2,5.3,0
159.8,1.16,100.4,25.7,86.8,49.1,1
64.8,3.43,77.6,18.4,88.5,39.7,1
118.6,1.51,32.1,18.5,59.1,34.8,0
87.7,3.28,24.1,17.5,89.3,30.6,0
3.1,1.96,20.6,19.5,36.2,32.6,0
83.2,2.92,97.3,32.3,44.4,32.0,1
82.4,3.31,81.1,15.9,42.6,25.0,1
125.4,2.85,54.8,15.1,46.5,5.9,1
19.1,1.59,96.1,28.5,45.3,38.5,0
55.3,1.08,99.7,32.1,97.8,23.7,0
134.0,0.63,84.5,22.1,60.4,16.7,0
151.7,0.63,94.0,38.1,42.3,39.3,0
23.2,3.19,92.1,29.8,52.8,9.9,0
65.1,2.84,52.6,17.5,81.6,43.5,0
44.1,1.91,68.4,37.3,40.1,46.4,0
77.5,0.91,92.0,30.8,98.3,10.1,0
138.4,0.68,33.7,36.3,62.1,8.6,0
177.3,2.31,99.0,30.9,72.8,8.5,1
171.0,0.76,105.7,27.2,99.7,29.6,1
55.8,2.69,93.6,21.2,52.9,29.0,1
118.4,0.95,77.4,15.1,98.6,2.0,0
153.7,0.6,73.1,27.0,85.9,41.1,0
48.1,2.18,21.2,33.3,96.5,6.6,0
129.5,0.77,68.0,22.6,79.2,42.9,0
4.9,1.86,97.2,36.9,58.4,39.5,0
92.9,2.4,106.0,16.8,92.5,16.6,0
85.2,1.31,114.6,28.6,85.6,39.4,0
176.2,2.71,25.5,38.6,77.2,44.4,1
73.1,2.36,56.6,19.4,69.1,3.4,0
40.9,3.44,43.9,17.8,63.5,47.0,0
191.8,1.13,94.5,20.6,54.7,13.4,1
55.4,0.69,54.5,27.2,66.9,6.1,0
135.7,2.1,49.2,30.5,86.0,47.3,1
188.2,0.7,109.2,26.4,35.6,44.9,1
191.3,0.83,47.6,32.4,64.7,43.7,0
125.5,1.38,117.0,28.5,39.2,17.3,1
128.9,1.37,26.3,36.8,46.3,47.4,0
82.3,1.53,84.6,23.2,71.5,34.8,0
89.1,1.41,33.2,34.7,42.0,13.0,0
194.1,2.81,24.7,23.8,61.9,8.3,1
142.4,1.36,117.3,36.0,78.5,33.3,1
47.6,0.62,51.7,18.2,48.2,9.2,0
6.9,1.45,54.4,24.3,67.8,8.1,0
184.1,1.71,69.9,18.6,62.1,16.0,1
147.7,3.43,53.1,32.6,63.2,14.5,1
196.1,2.22,34.7,29.1,93.5,22.1,1
146.3,3.2,33.9,28.8,51.6,20.1,1
89.2,0.78,25.5,31.0,70.8,11.1,0
55.6,0.57,73.8,26.1,77.0,4.4,0
38.9,1.45,80.5,38.6,93.6,18.1,0
170.8,1.61,57.3,22.1,54.6,48.9,1
17.5,2.68,64.4,39.8,86.3,14.4,0
194.1,1.77,109.6,18.5,71.1,4.3,1
94.9,3.1,118.7,16.7,97.2,37.8,1
81.9,3.24,61.5,28.9,79.7,37.8,0
37.2,1.65,75.4,16.1,87.8,41.7,0
111.9,1.89,22.7,15.1,48.4,47.8,0
94.5,2.46,109.3,25.4,64.4,34.4,1
23.9,1.33,119.4,16.7,82.2,29.1,0
173.7,2.38,67.6,32.4,38.4,25.6,1
169.1,0.99,25.9,23.0,91.5,6.8,0
54.5,1.76,111.2,23.9,50.3,26.5,0
102.8,2.8,38.3,17.4,82.7,27.2,1
165.4,2.55,50.1,32.1,78.2,4.8,1
164.7,0.54,71.8,24.3,63.9,17.0,0
20.5,0.96,42.1,19.7,92.8,30.7,0
105.1,2.1,75.1,33.9,38.0,23.0,0
163.8,3.27,68.0,22.8,55.4,40.9,1
119.5,2.79,54.2,32.7,32.0,40.7,1
171.4,0.93,42.7,18.1,39.1,3.9,0
156.8,0.73,97.5,33.9,33.0,5.4,1
102.7,0.68,31.9,21.3,34.6,33.4,0
156.5,3.26,40.5,37.5,42.9,17.6,1
169.2,3.33,114.9,23.7,41.2,25.0,1
48.4,2.21,29.9,29.5,31.0,10.8,0
56.4,3.2,73.7,39.3,36.9,10.7,0
141.6,1.6,78.9,26.0,97.0,9.0,0
75.9,1.14,42.8,17.8,98.9,6.2,0
27.2,2.79,90.5,28.9,32.8,16.4,0
56.7,2.3,51.2,39.4,61.1,27.7,0
171.1,1.07,27.0,36.0,63.3,34.0,0
199.7,1.97,30.5,26.0,76.1,4.3,1
80.1,2.27,30.2,38.1,98.4,3.2,0
67.7,2.28,119.1,18.1,88.7,36.3,0
142.7,2.25,47.3,34.7,75.1,20.0,1
120.6,1.71,68.5,22.0,83.8,5.4,0
99.5,2.39,33.5,17.5,33.7,3.4,0
194.4,1.65,87.9,18.8,73.5,4.8,1
150.3,2.8,99.3,20.0,76.3,24.5,1
68.7,3.08,74.7,38.8,32.2,21.5,1
76.7,1.44,57.6,26.5,32.3,27.8,0
60.6,2.62,69.1,18.4,80.1,24.4,0
135.0,2.48,88.5,29.3,63.3,42.7,1
78.3,1.98,117.1,30.4,54.7,48.9,0
5.6,0.64,103.7,23.7,81.9,1.3,0
68.3,0.79,54.5,23.9,54.6,33.1,0
129.6,2.28,111.0,16.6,51.3,16.9,1
65.2,1.88,106.3,29.2,93.1,13.3,0
117.6,3.46,57.8,24.8,70.1,40.4,1
135.0,1.51,70.3,34.1,53.8,30.7,0
87.2,1.99,104.7,34.7,88.8,26.8,0
9.5,3.49,60.2,20.6,82.0,4.6,0
18.9,1.51,26.7,35.0,63.3,10.5,0
130.3,1.41,100.4,25.8,67.8,10.0,1
125.0,1.86,96.3,19.5,31.3,35.2,1
115.4,1.14,116.2,33.6,62.7,46.9,0
122.9,2.81,63.4,29.2,73.9,26.1,1
29.5,0.95,88.5,22.5,60.5,15.9,0
12.9,1.11,61.2,35.6,75.2,12.8,0
81.2,0.84,39.2,21.1,87.9,23.2,0
87.2,2.44,23.7,19.0,39.6,12.9,0
131.7,1.03,105.3,39.1,64.0,1.0,1
16.8,2.3,106.7,37.5,58.5,18.2,0
18.1,3.33,92.4,18.5,37.8,36.7,1
104.4,2.99,115.0,38.3,47.6,44.2,1
24.5,2.92,52.9,29.6,57.3,37.4,0
84.6,0.93,37.5,39.2,60.8,12.7,0
98.1,1.62,114.9,22.9,59.7,34.1,1
175.9,3.31,56.3,32.9,87.5,1.1,1
121.2,3.02,86.2,38.5,78.3,39.4,1
110.5,1.43,115.8,24.1,86.9,6.1,1
171.5,1.67,111.0,24.8,98.5,12.8,1
164.5,1.21,41.0,37.3,94.1,31.6,0
153.3,1.72,23.4,36.7,87.6,47.0,0
82.6,3.02,91.7,36.9,87.4,41.2,1
101.3,1.56,80.2,35.3,81.6,22.7,0
10.4,2.42,83.0,34.8,39.5,20.0,0
62.7,0.75,35.8,27.9,97.9,41.5,0
169.4,2.56,99.3,23.0,63.5,36.8,1
137.5,2.98,100.0,20.0,59.0,9.1,1
189.0,3.15,42.4,38.7,94.6,32.4,1
181.4,3.42,39.8,32.5,41.8,20.1,1
52.0,0.77,56.8,38.7,38.2,35.9,0
184.0,1.86,87.4,18.0,79.9,9.5,1
156.4,1.36,69.4,18.3,89.9,30.0,1
56.6,2.53,61.8,25.2,40.2,14.5,0
123.5,3.22,57.0,32.1,62.1,0.5,1
64.6,2.58,88.7,32.8,79.6,36.8,0
19.1,0.68,53.3,20.9,93.6,49.8,0
193.4,2.29,94.8,16.1,47.8,31.0,1
78.9,1.61,116.8,29.0,70.6,13.0,0
186.1,3.13,33.2,22.9,67.1,7.1,1
8.8,0.88,107.2,35.9,82.3,46.3,0
175.4,2.34,96.2,21.6,51.9,44.6,1
198.9,2.79,35.1,36.3,76.0,39.9,1
29.7,1.19,23.6,21.5,79.4,21.8,0
185.4,0.62,55.7,32.7,64.0,24.6,0
173.4,0.87,29.4,36.7,42.6,8.4,0
54.6,3.17,78.6,29.6,98.0,26.3,0
83.3,0.73,96.8,31.9,92.1,1.3,0
136.1,1.68,79.0,38.8,88.6,7.7,0
166.1,2.48,65.4,38.9,71.6,0.3,1
131.2,3.35,52.5,33.3,81.4,47.9,1
42.3,0.65,84.4,23.1,33.9,3.5,0
76.3,1.7,37.8,39.1,90.6,4.5,0
32.6,2.84,48.5,33.8,75.8,6.0,0
86.5,2.92,51.0,32.1,39.2,33.3,1
102.5,1.97,108.5,26.9,69.4,21.2,1
162.2,2.34,63.4,25.7,32.8,17.1,1
44.8,2.56,35.5,27.4,74.1,26.2,0
87.5,3.22,67.8,18.7,38.9,45.1,1
104.6,1.39,24.8,16.9,33.2,5.4,0
18.9,2.48,76.8,21.3,47.8,4.1,0
22.8,2.48,38.0,19.6,57.5,4.2,0
59.5,2.26,65.5,31.8,73.7,13.3,0
174.3,1.06,38.5,33.7,72.3,43.6,0
106.9,0.52,31.7,19.3,63.4,34.6,0
193.2,2.31,68.7,30.5,98.2,18.0,1
138.1,1.68,50.3,18.1,31.0,5.6,0
194.1,3.08,40.9,31.2,75.5,21.8,1
158.0,1.07,50.1,26.6,63.2,1.1,0
30.5,2.61,116.4,26.8,90.2,29.3,0
113.9,3.0,25.1,15.2,74.1,35.7,1
169.7,2.71,79.6,28.9,50.4,24.4,1
118.2,2.33,87.9,35.4,64.2,35.7,1
84.4,1.45,26.4,37.3,59.2,23.7,0
187.8,1.54,89.8,15.5,50.2,9.6,1
46.4,1.16,110.9,23.5,72.1,42.1,0
26.2,1.38,91.1,39.0,88.3,33.7,0
159.2,2.9,104.5,30.5,49.8,37.5,1
25.8,1.1,80.6,17.5,59.1,49.7,0
41.9,0.64,21.8,37.0,55.0,7.9,0
178.9,0.6,26.4,25.8,73.2,6.0,0
51.6,1.52,55.5,16.2,91.4,13.4,0
138.0,2.05,86.9,32.7,94.9,21.9,1
168.3,0.83,30.6,30.3,84.8,47.4,0
8.4,0.82,83.0,36.8,93.8,7.9,0
88.3,2.02,93.3,17.5,75.3,16.7,0
169.7,1.82,61.6,34.2,47.2,40.5,1
101.0,0.76,57.2,33.9,55.2,33.2,0
150.7,1.77,42.8,35.0,58.9,20.5,0
170.5,2.88,56.2,15.7,40.2,0.5,1
188.7,0.75,51.5,39.5,41.5,3.1,0
132.0,2.42,110.3,16.4,74.2,35.7,1
104.0,1.39,60.2,32.0,68.8,15.2,0
181.8,0.52,48.0,28.2,94.4,35.0,0
41.0,2.13,98.8,31.3,78.8,44.4,0
80.9,1.09,50.2,15.9,53.4,36.3,0
25.2,3.48,48.4,17.3,68.6,26.1,0
32.0,0.58,99.7,29.8,46.9,38.7,0
197.4,0.83,26.0,24.3,73.9,17.7,0
130.2,0.87,49.8,33.4,61.7,49.1,0
197.8,2.2,109.4,30.7,67.3,29.8,1
56.9,2.85,91.5,31.8,80.0,26.0,0
65.6,2.25,102.3,24.0,36.9,35.6,1
16.4,0.69,108.9,26.9,61.2,18.5,0
117.6,2.06,59.5,21.6,64.9,21.2,0
186.2,1.97,117.3,35.6,40.1,6.4,1
25.9,2.61,106.3,18.0,44.9,23.7,0
188.8,1.61,115.2,30.0,58.6,6.0,1
8.1,0.96,57.1,39.8,51.2,24.3,0
28.4,2.27,24.9,37.4,92.2,10.8,0
97.8,0.87,54.9,36.8,59.2,28.7,0
180.1,2.84,67.5,33.0,72.4,38.1,1
92.2,1.85,64.9,36.7,52.8,40.0,0
81.9,1.2,59.5,28.5,97.1,44.5,0
129.2,3.1,90.7,29.3,85.7,35.4,1
24.8,2.18,39.2,30.5,70.4,2.6,0
37.9,1.93,109.7,18.0,95.5,9.0,0
157.4,1.24,90.6,37.2,61.1,40.3,1
80.4,0.63,106.2,15.6,60.6,20.7,0
63.5,1.27,31.5,17.5,41.8,7.2,0
17.9,1.42,60.7,19.2,73.0,16.3,0
11.7,1.67,52.0,25.3,52.7,18.8,0
24.2,1.11,95.2,29.7,64.5,37.6,0
23.0,0.68,66.5,25.2,63.9,20.4,0
177.2,1.31,116.3,31.9,47.2,27.7,1
60.9,1.72,28.4,30.9,44.2,48.4,0
197.1,2.85,73.8,25.6,93.8,22.6,1
92.9,2.99,48.9,39.3,30.0,46.7,0
119.6,3.02,58.0,23.8,74.3,29.3,1
9.1,2.72,76.3,22.5,57.7,6.1,0
111.3,1.34,63.2,30.3,97.0,15.9,0
68.5,1.28,95.3,26.3,47.2,49.2,0
92.0,2.3,21.6,32.3,75.3,0.1,0
180.3,2.52,61.3,37.4,79.2,38.1,1
157.5,2.45,27.8,15.8,88.2,33.6,1
70.6,2.94,102.7,23.9,42.4,38.4,1
1.7,1.89,113.6,26.1,45.5,1.0,0
184.3,1.57,29.0,30.3,51.2,35.9,0
98.8,1.59,48.1,37.6,79.5,10.5,0
164.2,1.69,107.0,29.2,64.6,27.6,1
113.1,2.55,76.5,16.6,39.0,3.3,1
114.0,1.18,72.3,34.6,43.4,33.9,0
138.6,2.1,45.3,29.0,61.8,46.9,0
188.6,0.66,113.9,25.8,99.7,13.7,1
93.3,1.58,95.9,37.1,45.7,13.9,0
89.8,0.52,39.5,17.0,70.0,1.3,0
195.6,1.77,27.4,21.2,41.5,15.5,1
19.3,1.94,100.8,29.8,73.8,16.7,0
21.6,1.22,54.1,16.4,53.4,39.7,0
155.1,2.36,96.4,30.6,70.5,4.3,1
6.7,1.44,104.8,16.6,38.9,46.0,0
60.3,2.38,26.6,31.9,69.1,14.7,0
19.2,2.76,43.3,30.0,76.2,0.5,0
159.0,3.14,81.9,23.5,95.6,39.1,1
65.6,1.08,30.3,29.9,34.7,39.5,0
114.6,2.41,45.6,25.5,80.7,22.2,0
159.4,0.68,51.2,25.9,97.2,37.7,0
177.0,2.83,34.7,22.7,54.0,18.4,1
117.3,2.53,25.7,27.7,88.5,42.9,0
39.1,1.1,110.9,34.6,53.9,33.4,0
196.4,2.3,53.1,29.5,97.4,30.8,1
32.5,1.86,98.9,16.1,45.4,0.2,0
46.1,2.37,43.9,33.4,96.7,16.6,0
41.1,1.05,119.0,24.1,35.2,1.5,0
58.1,1.08,78.6,34.1,33.1,1.5,0
34.8,3.16,91.9,23.5,68.8,8.9,0
168.6,3.23,22.1,31.9,56.5,39.4,1
187.2,1.42,44.0,35.2,76.3,47.1,1
199.5,3.14,107.8,16.6,40.1,46.2,1
38.3,1.63,57.4,30.0,98.4,12.2,0
123.2,1.07,73.5,34.7,52.9,2.7,0
174.6,3.05,116.8,37.1,44.6,4.1,1
132.7,0.69,70.9,33.8,75.2,25.5,0
92.9,1.47,57.4,32.4,80.1,24.7,0
80.2,3.26,78.4,15.9,45.4,10.2,1
79.2,1.42,108.9,29.3,95.5,18.7,0
26.9,0.75,64.5,23.8,70.9,23.3,0
85.2,1.9,60.9,35.1,52.2,19.1,0
46.8,2.44,55.9,17.1,89.0,25.6,0
157.2,3.28,29.8,16.8,32.7,10.0,1
65.8,1.41,101.6,32.1,49.2,35.3,0
199.7,2.76,94.0,37.8,30.6,15.0,1
156.6,1.71,60.6,29.5,75.9,23.6,1
152.2,0.95,59.8,20.7,82.4,23.7,0
157.2,2.77,92.3,26.5,85.4,15.7,1
154.0,2.59,41.0,26.2,69.1,18.7,1
25.7,3.33,21.0,35.3,88.4,17.0,0
137.2,1.71,97.9,28.4,52.8,1.2,1
184.4,0.96,115.3,23.3,74.1,30.2,1
173.4,3.44,40.4,24.8,67.4,9.4,1
113.9,1.85,109.5,17.3,37.3,27.6,0
137.8,1.97,38.7,16.7,97.4,14.2,0
131.9,0.71,25.7,28.0,42.0,43.0,0
31.4,0.83,73.6,27.0,34.8,47.8,0
26.0,1.12,63.2,32.7,63.2,30.2,0
117.5,2.01,88.5,21.9,30.5,7.1,0
79.8,2.92,72.6,37.8,91.5,23.0,1
147.5,1.36,108.1,26.4,79.0,35.6,1
122.6,2.93,37.5,21.2,93.0,36.7,1
182.2,1.05,76.9,24.8,96.2,12.0,1
54.8,2.38,49.2,37.9,78.9,36.1,0
98.7,3.48,75.3,39.9,35.4,5.3,1
65.2,1.85,45.3,27.7,62.4,3.7,0
149.9,1.64,94.6,36.4,57.8,0.5,1
183.4,1.48,94.9,27.1,34.8,27.4,1
190.0,0.92,102.0,36.0,41.9,0.9,1
58.8,2.1,59.1,16.9,83.5,33.9,0
71.6,1.15,23.4,31.9,45.1,34.8,0
162.3,2.42,91.6,37.4,57.3,15.4,1
0.9,2.82,96.7,38.2,56.2,11.9,0
84.3,3.47,53.7,19.8,76.8,11.0,1
159.4,2.99,36.8,19.2,59.1,5.4,1
112.4,1.07,40.7,28.5,95.7,6.0,0
71.3,1.02,60.2,22.9,57.2,22.9,0
163.0,2.45,56.9,16.7,45.3,15.1,1
196.6,0.81,73.6,39.8,89.5,8.6,1
120.0,3.44,89.6,31.9,98.1,34.7,1
127.1,3.15,51.8,36.3,63.7,16.8,1
117.0,1.65,84.1,20.8,71.1,49.4,0
123.3,3.19,50.9,33.4,83.0,31.0,1
74.9,1.39,35.2,20.1,32.7,46.2,0
189.2,2.72,52.9,22.0,75.1,38.0,1
195.5,2.44,48.8,15.6,89.3,16.6,1
107.9,3.22,86.5,21.2,78.1,36.0,1
76.3,1.46,64.2,15.2,90.9,3.5,0
126.9,0.92,40.4,17.3,71.5,41.6,0
47.3,0.73,92.5,22.8,80.5,12.2,0
49.8,1.36,64.8,30.9,49.0,39.1,0
194.5,1.69,36.8,26.0,65.4,36.7,1
163.9,2.88,22.0,24.5,89.8,37.9,1
119.0,0.96,92.7,21.4,62.5,22.7,0
121.2,0.72,33.7,26.7,40.8,9.5,0
100.1,2.68,69.1,38.1,95.8,48.5,0
97.9,2.42,78.8,25.2,32.7,46.1,0
113.1,1.08,63.6,21.4,93.9,36.1,0
97.7,2.57,89.6,31.3,94.9,36.8,1
6.9,2.94,83.1,31.9,78.8,32.3,0
91.1,2.54,45.4,30.1,96.6,42.1,0
154.2,2.43,111.7,24.9,71.0,45.0,1
37.8,1.77,103.0,21.3,51.2,48.4,0
76.6,1.42,61.2,36.9,80.9,4.4,0
155.3,1.53,34.3,33.7,95.1,19.9,0
197.4,2.95,20.2,16.7,78.7,26.2,1
146.6,1.01,57.5,32.6,43.9,9.1,0
90.1,2.94,38.6,16.5,42.8,38.0,0
180.5,1.73,82.7,30.6,90.8,8.3,1
75.5,1.33,54.2,29.6,63.5,33.6,0
12.2,2.76,20.7,29.6,99.1,4.8,0
1.5,2.31,118.7,34.0,95.2,23.7,0
85.9,1.61,109.0,40.0,87.2,47.0,0
75.7,0.67,55.6,23.3,37.0,22.8,0
145.0,3.16,33.9,30.0,90.8,14.0,1
163.0,1.61,81.8,31.5,63.3,20.7,1
197.2,3.37,101.3,15.4,55.2,2.3,1
65.1,1.83,80.7,25.0,72.9,4.1,0
186.3,3.29,118.7,36.4,93.4,36.7,1
39.0,0.93,72.0,29.3,90.0,25.2,0
159.4,1.4,87.3,28.7,91.2,8.4,1
23.1,2.49,44.1,20.3,82.7,33.0,0
87.0,2.65,36.0,38.2,93.2,38.3,0
51.5,1.93,109.8,18.1,39.5,26.7,0
18.1,2.58,107.2,38.3,83.6,30.0,0
75.4,2.65,93.6,24.5,74.9,28.1,1
161.7,1.17,31.6,17.2,36.2,37.0,0
148.9,0.85,56.8,36.3,96.8,28.8,0
12.4,2.11,104.7,39.5,52.4,18.3,0
159.3,2.06,80.2,20.6,57.7,26.9,1
28.9,3.33,103.7,27.5,61.9,30.1,0
133.1,2.9,90.3,30.0,51.6,49.5,1
199.4,2.62,67.8,35.7,64.7,35.2,1
196.2,1.5,102.8,20.3,81.3,40.5,1
10.5,3.1,37.9,27.2,57.4,49.2,0
169.7,3.47,74.8,23.4,77.5,49.5,1
78.2,2.08,48.3,32.4,43.7,42.8,0
26.2,2.76,78.0,35.1,89.5,35.5,0
32.7,0.91,89.6,22.3,40.1,10.9,0
147.1,0.53,92.6,29.4,77.5,49.4,0
190.1,1.78,104.2,38.1,36.7,48.7,1
10.5,3.44,85.0,29.8,97.9,31.3,0
6.8,1.22,68.9,32.2,96.8,32.6,0
138.4,2.89,85.9,34.4,90.5,32.5,1
130.6,1.6,32.0,17.1,64.2,33.4,0
4.6,2.22,77.3,21.8,82.2,39.7,0
96.8,2.43,63.4,29.3,37.0,3.2,1
159.0,1.05,101.3,15.5,68.9,26.8,1
97.7,2.06,78.5,32.8,85.3,6.2,0
193.1,3.19,38.1,30.0,42.6,27.7,1
24.6,0.89,40.6,19.0,69.4,42.6,0
196.0,2.02,56.4,28.6,59.6,47.3,1
60.1,3.34,71.9,34.6,76.1,22.2,1
139.0,2.07,118.6,23.8,67.7,10.5,1
164.0,1.21,38.8,22.5,88.3,47.9,0
43.2,1.58,32.8,30.6,35.2,12.7,0
180.7,1.7,28.3,21.4,59.8,34.7,0
14.1,2.7,119.5,32.4,43.5,18.6,0
164.1,2.31,62.0,18.8,99.5,21.7,1
120.7,0.73,32.5,17.7,68.4,3.3,0
72.6,1.5,47.3,36.7,45.8,0.5,0
193.8,1.64,30.5,38.1,42.3,36.4,0
164.3,1.97,72.9,32.5,90.6,27.6,1
179.3,1.01,114.7,24.7,54.2,37.1,1
106.3,2.28,105.0,26.9,38.9,0.5,1
31.1,0.88,57.9,33.4,33.7,36.3,0
141.5,1.25,80.9,32.7,42.8,49.3,1
100.4,1.33,62.8,38.5,91.7,40.7,0
171.6,3.34,60.7,22.8,36.3,4.0,1
189.0,1.0,25.7,33.6,68.8,24.6,0
192.4,1.77,70.9,33.3,63.6,25.8,1
177.6,2.59,60.5,30.4,93.8,37.3,1
140.5,2.75,44.4,33.5,96.6,41.2,1
105.6,2.33,80.7,39.1,77.2,44.1,1
45.0,0.73,103.9,27.8,96.7,21.1,0
74.7,0.84,111.4,21.2,67.7,38.3,0
59.8,1.38,41.3,33.5,69.8,10.9,0
186.6,2.43,102.6,15.9,62.4,30.9,1
71.1,2.35,52.9,23.8,30.4,44.5,0
70.9,0.8,69.2,17.1,66.0,7.7,0
97.5,0.97,85.7,20.7,57.7,15.0,0
36.4,2.93,30.9,26.0,88.8,8.1,0
86.8,1.58,107.1,20.0,43.3,2.0,0
148.8,3.2,36.0,20.0,63.6,33.3,1
84.2,2.15,100.0,32.9,52.7,38.2,1
100.4,3.27,104.3,24.7,37.7,5.4,1
31.1,2.0,96.7,20.9,77.5,17.1,0
147.5,1.8,48.9,27.1,83.3,12.4,0
102.2,1.25,96.7,36.6,99.6,12.4,0
39.7,2.62,101.0,32.5,65.2,9.1,1
118.2,2.4,42.9,18.3,32.7,49.5,1
85.3,2.35,29.1,16.3,58.5,15.3,0
46.3,1.51,67.9,27.7,75.1,15.2,0
56.1,1.55,61.8,23.0,33.3,2.0,0
149.0,1.14,67.2,37.7,37.1,9.2,0
72.7,1.41,29.7,15.3,68.6,43.1,0
148.3,1.58,97.9,28.2,56.0,32.5,1
76.8,3.16,33.0,33.6,38.4,29.3,0
130.9,1.07,90.5,38.1,35.2,27.3,0
145.1,3.47,40.2,33.0,33.1,9.6,1
50.5,3.13,105.3,37.7,98.3,44.7,1
143.5,3.23,26.8,25.5,95.2,25.2,1
119.8,2.59,32.9,16.1,69.6,39.7,0
148.1,1.69,88.5,36.8,98.0,8.3,1
76.8,2.84,60.1,21.8,42.9,8.0,0
139.3,3.14,99.1,26.4,79.5,26.3,1
44.1,2.62,75.2,19.3,33.2,11.9,0
29.6,3.15,112.7,21.8,85.3,32.1,0
164.7,2.1,20.1,23.7,72.4,18.5,0
141.1,2.15,92.2,25.2,72.8,16.2,1
163.2,2.97,41.9,39.1,42.4,48.6,1
195.8,2.83,98.1,17.7,82.2,19.1,1
174.0,2.4,75.1,35.4,45.4,13.4,1
161.5,2.76,35.6,20.8,80.8,18.4,1
18.7,1.04,38.5,36.6,43.2,24.5,0
129.5,0.56,36.3,19.4,57.6,30.4,0
14.4,1.24,110.9,39.3,37.0,26.3,0
161.6,2.31,57.8,15.5,87.9,38.2,1
8.7,1.25,28.4,18.6,73.9,0.7,0
191.5,0.82,93.6,23.5,79.5,10.1,1
112.6,1.83,36.3,23.3,40.8,2.8,0
125.5,0.87,102.5,17.6,50.8,25.6,0
28.4,3.24,22.4,25.7,40.3,32.8,0
175.8,1.65,108.4,35.6,37.9,8.5,1
20.3,3.37,55.7,30.4,38.3,46.2,0
179.1,2.31,37.8,28.3,72.0,34.0,1
133.5,1.4,101.8,23.7,37.3,45.8,1
186.6,2.93,91.1,16.9,30.2,46.7,1
131.2,1.46,59.1,33.0,85.0,23.9,0
115.6,3.38,47.8,17.3,99.6,9.1,1
63.9,1.77,89.3,25.3,85.5,16.7,0
130.8,1.24,61.9,27.4,67.4,26.6,0
76.9,2.24,62.2,29.4,78.5,37.4,0
47.0,0.51,119.4,15.4,69.1,47.9,0
11.9,1.55,104.9,36.7,87.3,14.7,0
170.7,3.42,111.3,21.1,87.9,2.8,1
192.4,2.61,57.7,15.7,97.5,18.6,1
132.5,0.72,103.7,36.8,32.1,18.3,0
15.4,2.21,101.4,18.7,42.8,37.2,0
139.7,1.4,61.2,23.4,84.7,34.8,0
31.2,3.14,23.2,33.8,65.2,0.5,0
136.0,3.13,75.4,35.7,94.3,25.1,1
84.7,0.97,117.3,28.0,98.5,6.3,0
123.8,1.16,38.4,33.6,69.2,42.1,0
93.7,1.44,84.2,35.7,41.5,40.2,0
38.9,0.83,27.8,30.1,89.3,1.4,0
108.3,0.7,79.7,33.9,51.6,27.6,0
6.5,1.31,117.7,29.1,69.5,39.5,0
62.9,3.33,20.8,23.9,49.8,19.9,0
150.4,2.68,117.4,32.6,36.8,20.4,1
20.2,2.92,35.0,29.7,56.7,29.3,0
58.0,0.95,66.3,37.1,36.5,35.9,0
161.5,2.46,96.9,19.0,97.5,25.8,1
130.3,3.29,54.1,34.6,53.7,18.0,1
86.2,3.17,97.4,24.7,44.6,30.5,1
30.5,2.38,69.8,35.1,40.0,43.5,0
193.8,2.84,28.7,17.4,52.0,46.7,1
56.0,1.59,28.9,19.5,84.0,12.9,0
51.2,3.13,85.0,18.5,38.7,28.4,0
171.8,1.7,105.7,37.9,39.0,18.3,1
190.4,1.62,88.2,27.6,48.4,43.8,1
124.1,2.43,94.1,21.1,87.5,0.4,1
58.1,0.97,59.9,16.8,57.2,23.1,0
93.2,2.43,110.0,26.6,36.0,36.6,1
184.5,2.8,39.9,23.2,52.2,49.8,1
140.5,1.93,47.8,16.0,40.9,23.5,0
64.0,0.59,80.1,24.5,95.6,18.1,0
94.7,0.66,106.8,38.8,77.9,13.5,0
16.7,0.71,60.5,22.5,79.9,43.6,0
133.9,1.28,103.1,17.3,93.1,17.1,1
32.9,1.55,61.9,26.9,78.2,8.0,0
70.9,2.58,58.9,15.2,84.8,29.9,0
133.6,2.35,52.4,39.7,95.7,37.1,1
63.3,0.95,65.9,18.7,90.5,5.7,0
81.3,2.06,20.4,26.3,88.3,6.3,0
193.9,0.79,41.9,39.5,59.4,27.3,0
75.5,1.54,115.2,39.3,70.4,0.7,0
3.2,3.19,70.2,36.7,79.0,32.4,0
82.1,1.56,74.2,28.1,83.6,5.7,0
85.7,1.03,79.5,28.6,56.7,42.3,0
87.5,1.35,82.0,38.1,90.0,49.8,0
20.8,2.45,81.6,25.3,64.7,37.6,0
19.9,1.83,78.1,15.8,50.3,21.0,0
90.9,1.64,39.6,26.7,38.7,48.4,0
82.6,2.96,90.4,33.5,30.5,18.7,1
56.7,3.14,46.4,36.0,85.7,20.7,0
180.0,1.74,21.6,18.8,56.2,40.8,1
120.0,1.51,115.9,39.8,46.9,48.7,1
128.9,2.99,100.1,29.4,39.0,31.8,1
34.7,3.21,71.7,25.9,37.0,40.1,0
126.3,2.85,104.3,30.7,48.2,27.6,1
40.8,0.78,63.7,30.7,71.5,1.4,0
184.1,0.74,58.2,33.6,39.1,22.7,0
71.6,1.22,109.8,22.4,67.5,12.3,0
157.2,2.81,85.9,21.9,95.4,31.4,1
115.9,0.81,65.9,29.9,37.5,14.1,0
18.6,1.98,56.1,36.0,57.4,24.6,0
14.7,3.38,27.6,32.2,56.3,15.7,0
161.7,1.04,21.0,19.5,69.7,30.3,0
195.2,3.48,68.4,30.4,68.3,7.9,1
185.3,1.08,23.0,15.6,65.8,7.6,0
23.0,1.15,52.8,20.5,80.9,47.0,0
96.3,3.36,54.9,28.8,50.6,37.3,1
102.5,1.7,39.3,19.3,78.1,44.4,0
78.6,2.25,96.6,22.8,85.6,47.7,0
176.6,1.77,94.7,35.4,73.6,30.4,1
113.4,1.62,83.3,16.6,41.7,1.7,0
117.4,1.38,102.7,31.1,97.6,17.6,0
36.0,1.47,99.1,23.9,35.1,32.8,0
155.9,0.87,51.9,15.3,53.0,23.3,0
179.7,2.18,58.6,30.0,66.9,5.1,1
121.6,3.15,106.0,16.9,92.5,21.1,1
63.6,1.46,39.7,35.1,64.9,49.5,0
24.8,1.01,52.7,24.6,70.3,14.3,0
171.2,3.46,111.2,22.1,88.9,20.1,1
183.6,0.62,84.5,16.7,36.7,40.1,1
54.9,2.76,60.0,28.9,51.9,30.6,0
139.3,1.86,104.9,39.2,38.5,18.7,1
5.9,0.64,21.0,17.6,52.6,34.4,0
34.0,1.07,110.2,24.2,93.2,49.5,0
173.6,1.28,98.5,17.8,96.3,3.8,1
122.6,2.94,47.0,19.3,39.6,23.0,0
172.4,2.76,108.8,39.1,58.9,22.3,1
105.5,2.23,86.1,39.4,52.5,36.5,0
52.8,1.39,28.3,29.0,91.1,33.0,0
41.2,0.73,117.2,16.5,30.9,10.8,0
37.6,0.81,40.9,29.8,66.9,42.9,0
62.4,1.86,35.4,27.6,94.0,10.9,0
195.0,3.1,71.3,34.5,43.2,13.9,1
61.4,3.11,84.8,18.7,91.3,37.3,0
178.8,1.06,22.9,31.5,61.7,13.3,0
16.8,1.79,35.1,27.6,65.6,2.7,0
19.6,2.45,93.2,25.6,50.6,20.1,0
105.9,1.98,63.4,32.0,75.2,47.9,0
10.6,0.61,46.6,16.6,37.1,11.3,0
143.2,1.68,30.1,33.3,91.6,13.4,0
157.1,1.54,48.8,29.9,81.4,4.7,0
140.1,1.93,50.5,37.7,46.7,15.8,0
37.5,3.2,34.2,15.3,63.2,16.7,0
52.8,0.73,87.9,36.3,71.6,48.5,0
97.7,1.24,30.9,35.5,69.7,49.5,0
105.1,1.0,34.7,17.3,51.3,36.8,0
147.0,3.47,45.7,27.2,55.5,0.7,1
142.0,3.17,97.5,36.4,93.2,29.8,1
137.2,2.68,22.1,39.5,89.9,33.0,0
99.6,1.23,94.1,39.3,55.2,37.2,0
191.0,2.42,116.5,36.9,77.5,45.0,1
191.7,2.08,46.5,32.0,92.2,19.6,1
198.8,1.43,24.1,28.0,54.0,30.6,0
91.0,3.4,99.2,22.2,97.9,24.9,1
93.3,0.95,116.7,30.6,76.5,15.2,0
160.0,0.55,24.1,22.1,71.5,2.7,0
86.1,2.48,20.1,21.3,54.5,14.2,0
133.1,2.81,35.5,17.2,48.9,49.8,0
117.0,0.74,41.9,26.8,54.8,40.6,0
84.5,3.4,29.8,21.5,51.1,15.5,0
135.8,1.47,77.8,32.1,44.0,6.8,0
60.2,0.76,76.7,30.7,68.2,18.8,0
87.4,0.92,64.2,22.8,95.4,35.6,0
85.5,1.76,61.0,15.7,69.1,47.9,0
151.2,2.35,50.2,21.1,65.9,6.4,1
113.1,1.38,95.5,24.8,58.2,0.3,0
175.0,1.88,25.4,16.4,88.1,32.5,0
19.5,1.37,68.1,23.3,34.3,37.0,0
147.9,0.66,40.5,18.6,81.8,24.8,0
135.1,3.06,50.1,22.8,99.2,0.3,1
137.6,0.84,20.0,30.1,38.5,4.8,0
94.7,3.0,64.4,16.4,38.5,20.2,1
164.1,3.03,74.7,35.5,77.7,43.0,1
86.5,2.41,38.5,35.5,76.0,8.5,0
109.3,1.93,49.0,31.7,97.1,24.6,0
78.2,2.59,30.7,25.4,59.7,1.4,0
112.8,0.53,50.3,31.1,92.5,31.0,0
181.4,3.39,66.8,33.1,49.4,49.1,1
171.2,2.01,54.9,32.7,57.3,3.1,1
70.4,2.66,53.9,32.9,85.1,13.9,0
60.6,1.68,111.6,31.1,56.4,23.6,0
115.2,3.28,97.5,28.1,39.1,16.2,1
69.6,2.35,60.4,16.1,89.6,8.0,0
21.2,3.3,67.6,34.0,98.7,40.4,0
47.3,3.2,37.4,37.3,82.9,21.0,0
122.4,0.84,104.7,16.8,83.4,30.3,0
184.7,1.46,89.9,24.4,99.2,28.7,1
50.5,1.81,48.6,20.0,41.3,40.7,0
38.5,2.25,82.9,31.7,44.2,40.5,0
71.9,1.72,74.7,16.8,43.0,36.5,0
128.4,1.99,103.2,29.3,63.2,17.6,1
111.7,0.91,26.7,25.7,56.3,3.5,0
156.5,1.39,31.8,20.8,72.1,16.5,0
188.1,3.27,45.1,32.6,34.8,43.6,1
15.0,2.23,105.3,38.3,65.0,20.0,0
139.5,0.83,67.1,37.9,48.4,1.5,0
52.2,1.5,96.5,18.5,68.3,36.7,0
132.7,3.13,43.6,16.8,96.4,45.2,1
153.1,0.61,118.1,38.7,71.9,30.6,0
110.3,3.34,47.1,16.0,32.5,25.4,1
86.3,1.41,105.0,39.3,31.5,2.8,0
162.3,2.1,106.0,32.0,81.7,27.6,1
153.1,2.59,63.0,25.7,39.6,21.9,1
196.5,1.6,39.4,25.9,34.1,11.6,1
45.4,2.74,108.8,34.8,69.8,49.5,0
144.0,2.94,27.7,18.2,42.6,2.2,1
131.0,1.23,49.2,30.2,63.5,6.1,0
50.0,2.13,69.5,33.4,55.0,45.8,0
142.6,3.32,98.0,22.3,75.8,26.3,1
139.6,2.01,25.4,37.5,79.4,31.1,0
40.7,0.91,117.6,20.8,81.9,10.5,0
163.3,0.93,117.8,32.5,75.5,22.7,1
99.8,0.6,47.8,24.6,87.9,4.2,0
121.9,1.99,106.3,24.6,33.1,10.3,1
86.2,0.66,50.5,28.5,54.3,1.3,0
178.6,3.27,110.7,35.3,71.4,37.9,1
165.8,1.8,62.8,33.2,81.5,2.9,1
77.6,2.66,87.8,36.5,95.7,23.2,1
113.7,2.06,36.3,24.5,82.2,46.2,0
3.0,2.9,115.1,17.1,47.5,27.1,0
78.9,2.35,56.2,31.5,84.8,40.5,0
24.9,2.21,52.1,21.6,42.5,23.1,0
93.3,3.4,68.0,36.1,45.2,2.9,1
55.3,2.33,51.4,16.6,42.6,38.3,0
173.8,0.88,83.0,18.7,73.3,2.5,0
7.7,2.55,106.1,29.5,32.9,35.9,0
142.9,1.28,45.7,32.0,90.0,17.7,0
120.1,1.55,27.7,26.1,65.8,11.8,0
74.3,2.97,61.6,31.0,91.3,7.2,0
157.6,1.5,60.8,31.3,62.9,48.7,1
32.1,0.63,113.0,37.8,31.8,30.5,0
102.2,2.84,70.8,29.5,54.1,10.7,1
6.5,2.68,58.1,39.9,35.5,3.9,0
44.9,2.01,77.4,28.7,59.3,36.7,0
105.6,0.65,67.2,28.1,60.9,13.5,0
58.6,1.23,44.3,34.2,55.3,22.8,0
23.1,1.22,93.3,37.0,55.3,17.6,0
182.9,2.46,80.5,26.2,59.3,28.5,1
25.1,2.11,97.6,25.2,70.9,6.9,0
57.4,1.44,28.2,25.5,98.8,28.8,0
154.5,3.2,107.6,15.4,38.5,13.2,1
186.0,2.73,32.6,15.9,60.2,34.5,1
26.5,3.1,111.9,37.6,54.8,20.1,1
142.4,0.86,109.7,37.5,71.4,30.8,1
9.0,2.72,55.5,26.2,58.6,22.5,0
57.9,1.93,33.5,19.6,83.6,45.8,0
16.8,3.19,79.4,24.2,75.5,19.0,0
101.7,2.26,114.5,17.4,50.8,17.1,1
179.5,2.24,104.4,25.7,52.6,15.9,1
28.6,2.94,93.5,39.7,44.7,26.0,0
123.1,0.8,48.5,18.0,49.2,21.9,0
57.7,3.25,118.9,33.8,94.7,33.3,1
41.4,3.02,95.5,15.7,93.2,48.0,0
159.8,0.52,103.3,15.6,44.2,47.1,0
146.4,2.06,103.1,22.4,37.7,35.3,1
88.9,1.8,46.3,36.6,99.5,36.6,0
70.7,0.74,99.3,33.2,52.9,25.4,0
126.1,2.04,97.7,32.7,52.0,46.2,1
186.5,2.88,51.8,36.0,76.3,43.9,1
126.9,0.52,33.7,24.4,96.0,33.7,0
30.3,2.94,93.4,22.1,43.9,43.8,0
171.4,2.75,20.3,16.7,69.0,10.4,1
83.6,1.29,58.0,29.6,74.6,24.2,0
36.0,1.4,43.2,22.3,64.0,39.8,0
71.4,1.94,29.7,17.8,91.7,37.7,0
193.9,1.48,86.2,17.9,62.5,15.9,1
139.4,2.61,97.4,27.1,86.3,24.5,1
47.0,1.37,70.7,37.2,84.8,3.0,0
52.3,1.45,59.1,26.0,57.9,45.6,0
145.6,1.52,101.9,22.7,58.7,28.6,1
41.2,2.38,114.8,30.3,53.1,30.2,0
144.4,2.91,29.0,32.6,93.9,38.3,1
131.0,2.06,56.2,20.0,41.0,26.8,1
45.9,2.9,111.1,23.3,45.1,36.7,1
7.2,0.56,114.0,17.6,57.9,24.2,0
60.3,1.19,97.2,21.2,49.1,6.2,0
131.1,0.89,94.1,21.7,35.9,3.7,0
152.5,1.75,21.5,35.8,72.3,7.6,0
158.5,1.08,80.6,22.8,52.7,25.6,0
54.8,1.11,46.4,31.4,63.0,14.6,0
193.4,2.18,68.3,37.7,67.3,12.2,1
99.4,1.68,57.3,28.7,37.6,11.2,0
79.5,1.2,57.0,29.1,75.0,16.6,0
195.2,0.79,36.9,36.6,64.3,12.5,0
123.3,1.92,92.3,29.2,46.3,38.4,1
62.3,1.51,35.1,23.0,69.6,20.3,0
138.1,2.77,99.5,28.6,51.9,32.6,1
141.8,2.04,105.9,39.8,35.7,5.3,1
75.1,2.77,36.2,33.7,41.6,21.9,0
7.8,1.77,37.1,35.1,64.1,37.4,0
79.9,1.39,63.5,22.4,94.5,33.8,0
123.0,1.61,85.0,18.5,66.6,10.2,0
142.9,2.06,45.1,26.6,95.5,46.4,1
170.5,0.91,72.4,35.7,30.7,20.8,0
13.4,3.43,51.2,19.7,78.6,26.9,0
12.2,1.91,35.6,23.8,69.1,11.3,0
185.6,1.32,102.1,36.7,70.9,15.3,1
80.7,1.26,74.1,31.5,35.4,7.6,0
56.0,1.29,30.2,34.9,71.1,38.3,0
154.4,2.28,47.7,35.2,91.0,33.4,1
33.6,2.85,118.9,17.3,86.2,7.3,0
174.9,1.47,109.6,16.3,65.8,22.0,1
65.4,2.0,31.7,29.0,56.4,19.3,0
62.4,2.07,73.1,37.1,89.0,47.8,0
166.7,2.63,104.0,29.0,64.3,39.4,1
111.6,1.81,54.8,15.6,55.6,23.3,0
145.7,1.14,76.0,39.9,95.8,19.1,0
149.5,0.53,64.2,28.2,30.4,15.5,0
73.8,1.26,112.2,30.2,32.3,13.7,0
8.8,2.59,45.3,30.6,98.0,41.2,0
185.5,3.49,83.2,27.3,63.1,43.7,1
161.5,0.61,22.9,37.4,40.7,36.8,0
26.3,1.76,104.6,16.4,74.6,3.1,0
108.8,3.45,39.4,30.4,31.2,41.9,1
63.3,2.63,110.6,29.7,96.1,25.8,1
80.6,3.01,87.0,16.6,87.8,25.1,1
16.8,1.83,47.6,20.0,65.4,8.6,0
167.6,0.51,47.4,23.8,53.9,28.4,0
113.2,1.89,31.6,17.3,81.1,9.3,0
193.2,2.8,98.9,20.4,56.2,4.1,1
49.3,3.01,84.2,37.5,43.4,37.8,0
10.7,2.62,37.8,18.5,52.1,11.3,0
176.7,1.03,49.5,32.4,48.5,24.5,0
69.8,2.43,65.0,30.8,88.2,1.8,0
77.1,2.11,41.1,32.6,54.3,40.5,0
41.5,2.6,70.4,35.7,85.6,4.5,0
51.6,1.9,23.1,17.9,76.1,9.3,0
117.4,1.62,57.8,29.7,32.4,35.1,0
173.9,0.52,62.1,23.4,75.4,5.0,0
61.3,1.9,38.6,15.5,86.6,22.8,0
87.0,1.7,103.4,21.3,56.1,16.9,0
60.0,3.41,107.7,34.1,93.1,25.3,1
154.8,3.36,60.1,15.7,65.9,46.1,1
193.0,3.33,39.8,39.3,82.6,6.5,1
192.0,3.41,50.9,34.1,86.1,22.9,1
0.2,0.94,108.3,22.5,35.6,11.8,0
18.0,1.23,88.5,36.1,56.2,23.9,0
94.2,2.56,89.9,37.8,76.8,41.6,1
152.6,0.79,32.9,34.1,39.3,38.7,0
164.0,2.69,62.5,24.8,35.0,24.4,1
117.3,1.17,80.9,34.2,55.8,17.0,0
122.1,2.76,111.5,31.1,39.7,9.4,1
87.1,1.52,85.4,25.6,49.9,19.3,0
7.0,3.38,62.2,19.1,77.8,41.7,0
16.5,2.56,30.1,36.6,86.2,0.6,0
114.9,1.65,65.5,27.2,97.2,20.1,0
60.6,1.28,83.4,30.1,86.2,22.5,0
94.7,1.51,73.5,24.1,85.0,49.0,0
76.7,2.52,35.0,23.4,95.4,29.5,0
162.6,2.68,65.5,16.2,49.7,6.1,1
73.4,3.17,88.6,21.3,53.6,14.8,1
108.5,1.04,55.7,15.4,52.7,31.8,0
71.4,0.61,93.9,21.2,35.9,4.7,0
126.6,1.79,47.5,39.3,78.2,12.2,0
167.0,2.7,72.4,26.5,35.4,18.6,1
195.4,2.41,108.2,24.5,98.6,3.9,1
149.9,1.77,22.2,38.8,48.0,32.6,0
167.4,1.8,31.6,19.8,48.3,15.2,0
170.8,1.23,99.9,24.4,63.1,38.0,1
149.4,2.83,47.7,31.8,72.3,45.5,1
54.5,1.72,21.9,25.4,39.1,13.4,0
195.2,1.45,42.1,15.5,52.7,3.2,1
142.4,2.98,78.8,30.9,53.0,19.5,1
2.5,1.52,54.6,26.1,62.3,37.1,0
139.5,2.52,45.6,15.8,89.7,48.4,1
112.3,1.54,40.8,39.6,55.8,14.6,0
134.9,0.59,82.5,19.2,54.6,21.6,0
4.7,3.42,75.6,27.3,46.4,46.1,0
121.4,3.05,29.7,20.5,99.4,28.5,0
31.8,2.83,93.4,25.0,58.6,37.6,0
119.8,1.46,56.3,17.6,91.9,48.0,0
63.6,2.11,59.2,36.5,64.6,23.2,0
89.9,3.27,37.8,22.2,67.3,16.7,0
34.5,3.22,58.3,31.3,98.2,20.5,0
123.8,0.92,82.0,40.0,72.0,36.6,0
65.0,1.25,76.9,26.8,36.4,18.5,0
176.7,2.46,75.2,36.6,89.5,8.1,1
174.9,1.03,113.7,38.0,52.6,14.6,1
41.4,1.88,44.5,30.1,99.3,39.8,0
100.0,0.83,80.4,23.3,94.4,8.0,0
192.5,0.52,23.2,31.9,90.7,49.8,0
14.1,1.75,46.0,32.9,38.5,38.8,0
106.8,0.57,68.1,33.2,50.5,19.9,0
153.8,1.59,91.7,27.8,75.5,21.4,1
29.2,1.29,102.5,33.8,37.8,8.4,0
68.0,3.24,99.6,20.3,36.8,32.1,1
179.8,1.97,44.5,21.5,50.7,22.2,1
139.9,2.2,79.4,34.0,40.4,14.4,1
74.2,1.59,49.1,38.6,41.1,31.7,0
88.0,1.38,94.4,32.4,40.3,14.6,0
127.4,0.58,41.2,22.6,70.9,13.0,0
149.1,3.49,60.6,30.5,41.9,17.2,1
170.5,1.44,57.4,36.6,64.0,8.5,1
35.1,3.19,21.4,38.7,54.0,15.5,0
55.7,2.83,98.9,31.2,55.0,23.0,1
181.3,3.02,104.6,34.6,66.7,11.4,1
132.8,1.7,29.9,23.2,34.7,27.7,0
148.3,3.12,117.0,16.4,69.7,12.4,1
147.9,2.57,85.1,21.1,78.3,22.8,1
121.8,2.16,29.1,19.8,88.1,3.2,0
104.5,0.68,42.8,29.6,70.7,23.2,0
156.3,1.46,83.4,19.9,38.1,4.2,1
108.5,1.14,68.7,29.2,70.7,43.1,0
177.3,2.83,39.5,35.1,73.0,22.8,1
150.9,2.3,69.3,19.4,65.5,25.7,1
59.9,3.1,44.9,21.9,69.3,15.4,0
195.4,3.34,68.8,23.0,98.2,23.5,1
13.1,1.8,50.5,38.1,61.0,31.9,0
36.5,2.84,96.3,20.3,65.1,16.0,0
20.6,1.4,81.0,29.3,40.8,7.8,0
157.2,3.06,81.0,18.9,97.0,49.1,1
157.7,2.84,46.9,38.3,63.0,42.8,1
29.0,1.5,55.4,33.6,61.5,21.3,0
83.4,2.79,60.4,39.2,54.8,40.3,1
153.4,0.56,90.4,20.2,80.2,14.7,0
64.4,2.87,52.6,29.0,44.0,10.7,0
171.3,0.82,44.3,23.1,63.6,36.1,0
194.2,0.64,85.9,32.2,93.6,24.4,1
121.3,1.63,30.1,31.0,49.3,18.5,0
22.2,0.9,95.0,23.1,84.3,20.7,0
30.1,1.4,40.0,17.2,47.2,28.6,0
52.1,2.09,49.1,15.5,84.0,3.4,0
142.3,1.44,105.3,37.6,61.2,44.2,1
93.7,1.88,53.3,31.9,79.3,12.8,0
4.6,0.86,61.1,24.9,64.0,2.4,0
182.6,2.04,21.6,25.9,32.2,25.2,1
158.0,1.98,77.5,30.9,81.4,28.3,1
156.1,2.1,99.9,36.2,36.1,46.1,1
198.6,2.76,96.7,25.8,49.4,22.6,1
147.8,2.45,27.3,31.2,53.8,26.4,1
164.0,1.8,22.1,29.4,30.4,41.4,0
45.0,1.78,45.9,20.6,77.2,16.3,0
133.1,2.81,77.4,23.9,91.6,43.4,1
154.6,1.12,38.2,15.7,72.1,42.2,0
108.0,3.36,52.7,22.9,46.1,10.4,1
84.9,1.31,113.6,20.4,54.9,6.9,0
87.9,3.0,57.5,26.1,82.1,37.0,0
89.4,1.7,40.6,24.5,87.0,4.6,0
182.7,2.67,32.2,33.9,38.4,24.5,1
149.9,1.45,39.1,39.6,86.0,18.0,0
22.4,1.87,20.7,35.1,58.0,42.9,0
189.1,3.01,63.4,36.2,51.0,50.0,1
128.7,1.67,67.1,38.8,49.2,32.4,0
28.1,1.25,76.5,18.2,40.9,34.8,0
12.2,2.91,106.6,31.5,56.0,20.7,0
34.5,3.31,116.5,33.5,86.7,9.1,1
21.9,0.99,69.8,22.7,73.8,45.4,0
64.2,2.85,53.2,37.2,32.4,43.6,0
9.3,1.63,79.9,28.1,41.1,0.7,0
18.4,3.46,31.2,26.9,98.8,42.8,0
26.9,2.31,83.7,22.8,62.9,45.1,0
131.3,1.6,81.4,32.9,63.4,37.4,1
39.3,1.16,33.0,38.6,45.8,4.1,0
80.8,3.16,30.5,20.7,42.9,33.0,0
194.8,2.51,72.0,29.4,91.9,38.0,1
84.4,2.48,77.9,38.4,32.4,45.3,0
9.6,1.09,38.2,18.6,32.4,39.7,0
64.5,2.22,68.4,23.6,74.0,40.8,0
90.4,1.14,82.1,28.6,38.2,14.0,0
184.8,1.51,109.3,21.4,86.5,24.4,1
132.6,2.5,54.2,28.0,34.4,18.3,1
193.0,0.88,42.7,26.4,37.8,27.5,0
174.7,1.42,63.6,39.6,35.8,43.3,1
79.5,3.32,119.9,19.9,88.8,11.1,1
146.7,1.56,80.1,18.8,90.2,26.3,1
72.5,1.19,114.7,28.3,56.2,5.0,0
126.9,2.35,104.3,33.8,40.6,47.1,1
171.7,1.34,115.9,38.7,50.8,45.0,1
178.7,1.9,33.6,38.5,30.0,12.6,1
62.3,3.27,81.3,39.0,34.1,20.5,0
164.5,2.79,100.7,38.8,47.0,39.3,1
78.2,1.08,103.4,16.8,97.4,13.8,0
24.7,2.72,114.4,18.8,61.0,33.6,0
2.2,0.85,51.1,17.6,74.0,23.6,0
59.8,0.87,94.3,26.4,34.9,48.9,0
68.3,1.32,118.8,24.5,92.4,5.6,0
117.0,3.13,89.1,34.9,83.1,11.2,1
199.5,2.31,79.9,24.1,90.9,33.2,1
192.6,1.77,83.8,36.6,49.6,36.2,1
50.3,2.02,62.0,35.9,98.8,4.2,0
161.2,1.23,69.5,29.8,76.6,5.2,1
141.7,2.18,103.7,24.4,66.3,46.3,1
120.3,2.27,99.4,38.9,70.3,5.9,1
72.1,2.52,110.4,25.5,57.6,37.2,1
157.6,3.06,77.3,28.1,95.8,40.7,1
155.5,2.51,22.6,29.2,31.7,47.3,0
184.1,2.91,92.9,36.2,47.7,40.9,1
194.7,1.25,64.6,16.2,62.1,49.5,1
158.7,1.13,97.1,28.7,52.5,20.1,1
163.1,3.03,105.7,23.3,73.1,37.0,1
45.5,2.99,30.1,33.0,74.8,15.6,0
37.2,1.65,46.5,32.7,54.5,40.3,0
151.0,3.38,52.3,17.8,70.7,45.4,1
112.1,2.77,73.8,24.9,78.7,9.9,1
119.6,3.13,60.5,21.6,80.1,26.6,1
184.3,0.81,115.6,35.4,92.1,14.7,1
16.4,3.5,64.3,16.0,68.4,33.4,0
98.9,3.0,118.3,21.1,45.8,32.4,1
2.5,1.23,22.1,30.3,88.7,20.7,0
113.6,1.74,104.8,29.5,73.9,44.4,1
149.4,2.62,118.2,35.1,48.4,18.5,1
187.4,1.46,55.7,39.0,39.4,43.0,1
49.4,2.11,32.9,39.5,84.9,25.4,0
62.7,2.92,80.4,33.0,80.2,32.2,0
197.0,1.9,77.4,16.3,73.3,24.9,1
190.6,1.01,76.0,29.0,34.0,17.4,1
29.6,2.55,26.5,33.0,69.9,47.4,0
142.7,1.97,90.4,38.6,99.0,10.8,1
107.7,2.52,53.1,29.2,91.3,47.3,0
107.9,2.54,51.4,15.2,72.7,35.6,0
23.9,3.43,81.4,28.2,81.1,36.6,0
120.3,2.78,37.9,19.5,75.5,24.7,0
17.8,3.34,77.4,38.7,57.1,20.4,0
27.7,1.53,29.6,23.9,79.5,44.0,0
36.9,1.7,42.7,39.6,74.3,17.0,0
104.8,0.56,80.6,39.6,34.1,18.7,0
192.7,2.09,20.5,24.6,31.9,45.3,1
171.9,3.37,38.8,30.5,42.7,10.9,1
174.4,3.24,80.0,29.3,92.4,35.3,1
35.5,0.95,101.9,15.8,32.7,26.9,0
188.1,2.92,51.2,22.3,54.4,9.0,1
180.0,1.99,80.4,39.9,94.4,46.9,1
109.6,1.67,64.8,17.9,68.8,16.9,0
47.9,2.95,38.8,25.1,55.1,45.8,0
162.2,3.23,90.8,36.0,36.9,26.0,1
64.1,2.08,77.5,28.3,57.6,27.3,0
64.1,1.84,39.8,38.6,59.8,21.8,0
4.8,0.81,76.1,30.2,51.4,49.6,0
154.2,2.6,72.8,16.0,96.3,15.4,1
180.1,2.13,84.1,33.5,67.4,2.4,1
37.6,3.39,25.2,35.6,91.2,36.9,0
35.7,1.61,89.9,37.8,36.9,47.5,0
142.5,0.72,40.4,20.2,74.8,0.8,0
41.2,2.57,112.4,15.1,46.8,40.7,1
196.9,3.46,102.7,24.3,88.6,2.2,1
49.2,2.51,108.2,25.6,69.9,43.2,0
41.0,3.14,93.7,21.8,78.3,20.8,0
55.6,3.2,101.7,27.2,72.0,31.3,1
139.2,1.85,86.3,20.6,74.6,5.8,1
97.7,1.05,52.7,38.6,48.0,34.0,0
79.6,2.11,48.5,29.3,37.6,6.0,0
176.8,3.35,75.5,27.4,38.9,49.8,1
21.9,1.19,103.3,19.6,83.4,40.3,0
123.1,1.81,34.3,29.9,32.9,46.7,0
37.8,1.13,51.8,29.2,96.4,17.1,0
184.4,1.55,40.1,31.1,57.4,7.7,0
12.7,1.05,39.4,31.5,60.7,43.6,0
49.2,2.09,75.7,18.6,97.5,2.8,0
82.0,2.1,81.9,19.2,95.3,18.5,0
20.8,1.2,58.1,29.1,87.0,38.4,0
44.9,2.38,76.4,16.8,75.4,45.5,0
129.0,1.35,81.6,26.2,82.4,34.1,0
69.0,3.46,65.5,38.0,40.7,26.8,1
28.9,2.41,37.4,39.2,99.9,44.1,0
4.2,2.92,34.4,26.5,79.7,27.1,0
80.4,3.02,55.3,38.5,59.5,20.9,1
88.8,1.67,56.4,23.2,57.9,36.2,0
43.4,1.07,39.5,36.8,76.2,30.9,0
109.6,2.79,60.8,31.1,44.9,7.1,0
130.4,1.4,103.3,34.4,73.7,2.5,0
110.3,0.97,58.4,27.9,42.6,22.1,0
77.2,2.5,47.3,33.6,69.4,7.8,0
156.4,1.09,61.1,26.7,90.8,6.5,0
63.2,3.3,81.2,33.4,91.3,33.8,1
17.2,0.53,106.2,16.3,89.7,15.7,0
40.6,0.95,41.3,36.0,55.4,45.5,0
165.7,1.93,90.4,22.2,37.1,28.1,1
30.4,1.75,73.2,30.5,41.1,27.6,0
196.7,2.57,110.4,39.4,76.5,7.3,1
151.1,0.91,58.1,24.5,41.9,1.0,0
163.6,3.29,78.5,19.5,92.6,48.5,1
113.4,3.16,118.8,37.2,34.8,6.7,1
78.7,0.95,119.3,34.8,76.8,48.1,0
142.3,3.35,28.3,30.1,86.0,0.8,1
83.5,1.01,105.1,19.8,49.6,26.0,0
97.9,3.22,25.2,21.0,51.5,22.4,0
8.1,2.75,96.0,26.5,35.6,27.6,0
195.6,2.37,93.5,15.5,56.6,45.2,1
7.2,2.52,89.7,23.4,86.2,42.7,0
81.4,1.53,114.3,33.0,68.7,24.4,0
182.7,3.26,28.5,31.7,52.3,25.4,1
162.2,2.92,30.7,16.9,56.1,7.7,1
155.8,3.09,21.0,15.3,86.5,43.5,1
31.2,2.38,107.1,26.5,91.1,39.3,0
24.4,2.61,40.0,33.7,35.7,4.6,0
0.8,2.87,43.3,16.2,35.6,16.0,0
95.2,1.09,118.8,30.1,43.0,14.4,0
173.0,0.68,38.5,15.2,42.3,9.9,0
108.4,3.42,90.0,32.6,35.3,9.4,1
198.4,0.99,83.5,29.8,72.1,25.3,1
85.3,2.97,93.5,28.3,75.8,48.4,1
150.9,0.69,26.3,23.6,81.3,31.0,0
16.0,2.79,91.6,15.3,82.1,4.4,0
183.3,1.58,88.1,32.0,34.6,13.1,1
90.2,2.73,68.0,27.5,83.4,15.7,1
38.1,2.26,24.3,23.8,62.5,23.1,0
169.3,3.42,66.4,37.5,61.7,7.1,1
83.9,0.57,33.9,22.9,99.3,31.6,0
2.8,2.87,86.2,19.3,71.5,9.2,0
78.3,0.95,53.7,15.5,57.5,15.2,0
109.9,1.18,68.7,33.1,60.3,47.4,0
193.8,0.68,116.1,16.7,52.6,23.8,1
47.0,3.33,100.4,25.4,30.9,15.4,1
126.1,2.55,62.9,18.0,39.1,14.1,1
161.4,3.09,57.0,39.3,34.4,22.4,1
41.9,1.48,43.3,36.8,51.9,45.8,0
157.4,2.16,77.7,23.3,43.6,6.4,1
126.5,3.41,42.9,29.8,46.6,41.0,1
94.0,0.56,71.1,17.4,82.5,31.2,0
98.2,2.31,109.1,39.0,48.6,22.5,1
158.3,1.33,34.3,36.2,34.1,12.3,0
65.4,2.97,68.3,18.7,49.1,16.0,1
121.0,2.11,102.4,31.1,97.0,29.9,1
146.7,2.71,39.5,35.0,49.8,39.5,1
163.7,0.53,46.1,18.6,31.8,32.6,0
15.7,1.89,111.0,18.7,73.8,27.8,0
151.7,0.82,47.4,21.9,79.4,22.7,0
25.7,3.37,32.4,36.7,68.7,18.4,0
144.1,2.15,82.9,31.2,57.7,16.3,1
6.9,1.35,76.6,29.2,91.8,2.8,0
26.4,0.69,26.8,18.8,66.6,47.0,0
150.9,3.42,53.8,25.3,82.6,24.6,1
104.9,2.43,59.6,18.9,87.6,40.7,0
23.0,3.23,46.1,21.0,75.1,27.9,0
168.6,1.18,24.2,20.5,46.3,7.6,0
100.1,1.47,95.6,31.8,31.3,38.3,0
133.9,2.59,75.0,16.0,71.3,10.4,1
1.4,2.61,78.2,24.2,92.9,8.2,0
107.2,3.25,94.4,22.0,68.9,25.5,1
40.3,2.32,53.4,23.2,48.2,6.0,0
5.8,2.31,85.1,27.8,58.4,9.2,0
160.9,2.73,107.4,20.0,69.9,37.4,1
134.8,3.16,101.8,24.0,33.8,31.3,1
176.9,1.26,71.1,22.7,45.1,9.0,1
99.9,2.66,92.0,26.4,57.4,37.7,1
96.0,2.29,99.5,31.7,95.6,3.9,0
0.1,0.59,25.0,15.3,49.2,0.0,0
145.7,3.38,29.7,24.2,75.2,48.5,1
74.6,1.34,85.4,22.4,32.4,6.0,0
91.4,3.3,118.3,37.9,38.4,31.8,1
158.6,3.14,113.2,19.4,37.9,36.2,1
177.3,2.58,47.3,15.6,69.4,3.2,1
43.1,1.69,57.7,15.9,60.3,23.3,0
2.7,3.19,85.7,39.0,91.3,35.5,0
40.5,1.3,87.1,39.1,43.2,34.5,0
199.2,0.63,76.3,36.4,69.1,35.1,1
143.1,2.73,48.7,17.2,55.7,41.0,1
74.7,3.21,92.6,28.5,52.4,32.0,1
116.0,1.62,118.4,34.2,40.3,33.6,1
135.1,1.72,116.1,17.2,47.7,6.9,1
129.1,1.85,73.9,32.0,92.3,17.2,1
196.5,0.94,54.2,30.8,82.1,42.6,1
195.4,2.88,102.5,24.9,87.6,44.0,1
108.8,2.06,77.5,21.4,68.5,47.1,1
136.8,2.86,68.9,23.1,88.6,18.7,1
104.6,2.96,41.9,23.8,58.6,37.6,0
128.1,1.86,103.4,37.4,43.2,0.0,1
100.9,0.82,34.4,16.8,96.5,12.1,0
165.0,2.13,29.7,35.4,31.6,1.6,0
37.1,2.83,27.1,21.3,96.6,21.1,0
80.6,2.59,50.0,24.7,44.6,21.4,0
95.7,2.34,24.2,27.3,32.2,16.0,0
140.1,3.08,58.4,28.5,36.9,34.4,1
70.2,3.41,69.0,15.7,32.7,24.4,1
95.0,2.13,28.3,33.1,80.1,46.1,0
149.8,1.22,118.4,15.9,51.7,38.9,1
43.3,1.73,21.0,18.2,90.4,39.0,0
88.9,2.01,66.3,32.4,57.2,46.2,0
9.7,2.26,89.8,27.3,93.2,14.7,0
58.1,1.49,31.0,18.9,88.6,10.0,0
1.1,2.83,100.7,37.6,84.1,2.2,0
68.0,2.55,104.6,20.7,61.1,35.0,1
20.3,0.92,94.0,38.7,69.4,21.9,0
139.8,0.56,72.5,32.3,74.4,5.3,0
55.8,2.17,62.2,16.6,48.4,47.4,0
80.3,3.26,110.7,36.9,38.5,8.1,1
132.9,1.84,119.7,24.3,48.4,3.3,1
37.1,1.74,76.0,20.8,40.3,6.7,0
2.2,0.68,98.8,17.8,76.6,29.3,0
176.1,0.91,112.1,36.5,86.1,9.4,1
95.7,0.8,58.8,30.8,67.9,40.2,0
25.4,2.03,106.1,16.7,65.9,49.4,0
49.4,2.76,104.0,24.0,45.8,13.1,0
86.4,3.11,98.1,15.7,77.0,46.5,1
121.3,3.1,94.9,18.2,73.0,39.5,1
129.2,2.77,35.7,30.0,50.1,38.7,1
6.2,0.7,28.5,37.3,40.2,32.1,0
78.7,1.89,100.7,37.9,51.2,26.8,0
61.6,3.35,71.1,24.7,91.0,34.4,1
184.7,2.32,86.1,29.3,62.9,4.5,1
68.5,2.05,83.1,21.3,48.8,13.6,0
102.7,1.44,110.6,37.7,69.6,17.4,0
165.1,2.05,61.2,21.6,59.7,33.0,1
178.1,0.92,97.0,22.4,78.1,18.1,1
64.2,2.89,78.2,19.3,80.7,43.8,0
41.1,2.87,103.0,19.6,75.3,24.8,0
96.9,1.31,76.8,28.4,40.2,30.3,0
193.3,2.94,118.4,15.1,43.2,46.7,1
91.0,3.47,78.4,21.9,69.7,10.0,1
85.5,3.45,79.5,26.9,57.1,6.0,1
72.3,2.9,25.5,36.2,49.4,27.4,0
156.8,3.28,88.7,20.1,92.4,28.3,1
67.5,2.37,47.7,25.7,46.1,30.9,0
53.3,2.16,104.1,18.8,68.8,15.8,0
161.1,2.98,40.3,30.4,96.8,4.6,1
195.7,1.31,68.6,17.4,89.2,11.0,1
33.1,1.02,42.0,17.7,46.7,15.4,0
119.9,1.66,41.3,17.5,35.7,35.6,0
147.8,1.65,81.5,24.5,67.9,13.6,1
98.3,2.87,72.4,23.1,64.9,30.8,1
121.3,1.62,90.3,30.0,78.9,18.9,1
41.4,1.44,60.5,21.2,50.3,11.5,0
93.9,0.57,113.5,21.1,78.8,22.6,0
77.8,1.54,58.1,27.3,80.7,45.5,0
51.0,1.19,56.7,39.9,63.5,8.4,0
129.0,2.3,101.0,36.1,98.5,18.2,1
18.0,3.25,29.2,32.4,33.5,4.0,0
90.6,1.38,105.9,22.0,94.1,11.5,0
104.1,1.2,29.2,16.3,75.8,39.2,0
188.3,1.03,74.8,38.6,92.6,11.8,1
39.1,2.64,26.7,17.5,87.2,8.9,0
92.5,2.78,92.3,18.8,95.3,12.3,1
171.1,2.8,71.3,15.5,65.3,2.8,1
9.7,0.97,33.2,36.5,88.4,28.7,0
49.2,1.03,31.0,21.2,74.8,37.7,0
75.5,0.5,66.1,35.0,77.4,19.8,0
80.8,2.08,116.2,38.6,54.8,30.3,1
149.9,2.75,72.3,25.2,65.2,25.0,1
41.4,2.3,56.8,22.5,72.3,20.6,0
74.7,1.44,39.9,15.4,60.5,31.9,0
173.0,2.87,94.9,31.2,51.1,12.2,1
45.4,1.82,68.7,26.7,62.6,44.1,0
83.2,0.65,114.8,37.4,94.6,14.8,0
93.0,1.66,85.3,25.8,71.9,17.7,0
95.4,3.3,106.9,27.0,54.7,9.7,1
33.2,3.48,34.6,32.8,48.9,1.2,0
104.2,0.57,60.3,35.0,62.2,31.1,0
10.2,2.05,32.3,26.0,64.1,38.2,0
155.9,2.69,76.6,16.7,97.8,46.6,1
132.1,1.82,92.3,21.7,40.0,45.7,0
76.8,1.68,24.2,22.6,96.7,9.7,0
83.5,2.98,35.2,28.7,47.9,45.8,0
13.2,3.08,46.6,27.1,34.6,23.4,0
185.0,1.98,28.0,26.5,93.0,30.8,1
170.1,3.37,45.8,29.0,92.2,40.7,1
133.0,2.08,86.8,35.9,71.3,34.1,1
155.7,1.24,101.5,25.8,49.1,47.0,1
194.6,3.47,25.1,29.8,86.1,12.9,1
111.0,3.03,41.9,38.9,62.5,7.7,0
108.4,1.59,94.3,25.5,53.2,4.1,0
96.2,3.29,26.6,22.8,92.3,21.8,1
30.8,1.92,23.1,38.4,38.3,11.8,0
98.4,3.37,78.8,25.1,89.5,14.3,1
33.0,0.98,52.7,24.4,35.8,4.1,0
1.7,2.12,69.3,17.3,97.9,40.4,0
198.4,0.51,37.8,18.3,98.9,18.3,0
165.4,1.57,77.2,16.0,92.5,16.5,1
116.6,3.46,81.4,35.5,43.5,8.5,1
198.7,0.82,79.3,30.4,66.8,41.6,1
13.0,2.32,46.0,31.1,79.0,4.8,0
137.8,0.6,105.2,31.6,78.6,40.5,0
101.8,1.38,90.6,25.0,86.5,11.8,0
61.9,1.48,44.1,18.7,40.9,4.0,0
23.5,0.82,64.9,18.7,35.1,38.5,0
115.9,2.66,63.5,18.1,75.1,47.1,1
117.5,3.31,41.0,26.8,32.4,7.8,1
13.2,0.59,105.3,21.3,43.1,24.9,0
79.5,2.63,52.4,18.3,52.9,48.3,0
63.0,3.25,76.7,32.5,30.5,39.2,1
